word,sentence,label
말,오늘 친구와 재미있는 말을 주고받았다.,0
말,선생님이 하신 말씀이 기억에 남았다.,0
말,사파리에서 얼룩말들이 풀밭에서 함께 걷는 모습을 볼 수 있었다.,0
말,멕시코 식당에서 타말레를 주문하여 고소하고 맛있는 식사를 즐겼다.,0
말,겨울철에는 따뜻한 양말을 신고 발을 따뜻하게 유지했다.,0
말,나는 동생에게 좋은 말을 해주려고 노력했다.,0
말,책에서 새로운 말을 배웠다.,0
말,말 한마디로 친구를 웃게 만들었다.,0
말,엄마가 따뜻한 말을 해주셔서 기분이 좋아졌다.,0
말,오늘 배운 영어 말은 조금 어려웠다.,0
말,친구가 슬퍼 보여서 위로의 말을 건넸다.,0
말,동물원에서 말을 처음으로 봤다.,1
말,말하는 방식이 사람에게 큰 영향을 줄 수 있다.,0
말,오늘 친구랑 동물원에 가서 말 구경을 했다.,1
말,말이 달리는 모습을 보니 정말 멋있었다.,1
말,할아버지께서 어렸을 때 말을 타고 다니셨다고 말씀하셨다.,1
말,농장에 가서 실제로 말을 타보는 체험을 했다.,1
말,말은 정말 큰 동물이라서 처음엔 조금 무서웠다.,1
말,마트에서 말 모양의 인형을 샀다.,1
말,친구가 말 그림을 정말 잘 그렸다.,1
말,나는 말이 초원을 뛰어다니는 모습을 좋아한다.,1
말,말에게 당근을 주니 아주 잘 먹었다.,1
말,나쁜 말버릇을 고치기 위해 노력하고 있다.,0
말,이 쿠션은 말랑말랑해서 매우 편안하다.,0
말,설명이 논리적으로 말이 안 된다.,0
말,처음으로 말레이시아에 갔는데 엄청 더웠다.,0
말,비가 많이 와서 빨래가 잘 말리질 않았다.,0
말,말의 갈기를 손으로 만져보니 부드러웠다.,1
개,비가 그친 후 하늘에 아름다운 무지개가 떠서 모두가 감탄했다.,0
개,오늘 새로운 친구를 두 명 소개받았다.,0
개,내일은 개교기념일이라 학교에 안 간다.,0
개,아침 일찍 산 정상에 오르니 짙은 안개가 온 산을 덮고 있었다.,0
개,이번 주말에 개봉하는 영화를 보러 갈 거다.,0
개,개미가 줄지어 가는 걸 봤다.,0
개,오늘은 날씨가 맑아서 기분이 개운해졌다.,0
개,새로운 취미로 개구리를 키우기로 했다.,0
개,오늘 개를 산책시키러 나갔다.,1
개,해변에서 물개가 물속에서 유영하는 모습을 보며 즐거운 시간을 보냈다.,0
개,여름날 정원에서 개미들이 열심히 음식을 나르는 모습이 관찰되었다.,0
개,폭풍우가 치면서 하늘에 번개가 번쩍이며 큰 소리를 냈다.,0
개,개가 나를 보고 꼬리를 흔들었다.,1
개,학교 끝나고 개랑 놀아줬다.,1
개,개가 내 말을 잘 들어서 기특했다.,1
개,친구네 집 개가 정말 컸다.,1
개,개가 새끼를 낳아서 너무 신기했다.,1
개,산책 중에 다른 개를 만났다.,1
개,개가 잔디밭에서 뛰어노는 걸 봤다.,1
개,내가 준 간식을 개가 맛있게 먹었다.,1
개,새로 생긴 카페가 개업 기념으로 할인 행사를 했다.,0
개,개성 있는 디자인이 눈에 띄는 가방을 샀다.,0
개,숙제의 개요를 먼저 정리해두었다.,0
개,교실에 새로 개설된 동아리 활동이 많다.,0
개,개운한 아침을 맞이하기 위해 운동을 한다.,0
개,이번 프로젝트는 개방적 아이디어가 필요하다.,0
개,개구리가 연못에서 뛰어노는 모습이 귀엽다.,0
개,책에서 개념을 잘 이해하기 위해 반복해서 읽었다.,0
개,새로 개설된 도서관에 갔는데 엄청 시원했다.,0
소,오늘은 소풍을 가서 맛있는 음식을 먹었다.,0
소,학교에서 소설을 읽는 시간이 참 재미있다.,0
소,할아버지께서 소를 키우시고 계신다.,1
소,소중한 물건을 잃어버려서 많이 걱정되었다.,0
소,나는 그림을 그릴 때 소중한 순간들을 표현하고 싶다.,0
소,농장에서 소리가 정말 시끄럽다.,0
소,농장에서 염소들이 풀을 뜯으며 여유롭게 지내고 있었다.,0
소,숲 속에서 오소리가 굴을 파고 있는 모습을 우연히 발견했다.,0
소,화재가 발생하자 소방차가 빠르게 출동해 불을 껐다.,0
소,친구들과 소프트볼 경기를 하며 운동장에서 신나게 뛰어놀았다.,0
소,음악회에서 색소폰 연주가 아름다운 선율을 자아냈다.,0
소,저녁 식사로 신선한 채소를 이용한 샐러드를 준비했다.,0
소,요리에 소금을 적당히 넣어 맛을 조절했다.,0
소,여행 중 차가 기름이 부족해 주유소에서 기름을 넣었다.,0
소,산책 중에 소나무 숲을 지나며 상쾌한 향기를 맡았다.,0
소,화재가 발생했을 때 소화기로 불을 빠르게 진압했다.,0
소,주말에 이발소에 가서 머리를 새로 깎았다.,0
소,소가 넓은 초원에서 풀을 뜯으며 평화롭게 지내고 있었다.,1
소,농장에서 소의 우유를 짜서 신선한 치즈를 만들었다.,1
소,동물원에서 코뿔소의 크기와 힘을 보고 놀랐다.,0
소,친구와 함께 소리 내어 웃으면서 놀았다.,0
소,소금이 너무 많이 들어가서 음식이 짜다.,0
소,책에서 소설의 주인공이 모험을 떠나는 이야기였다.,0
소,소화가 잘 되는 음식을 먹는 것이 건강에 좋다.,0
소,농장에서 소들이 풀밭에서 평화롭게 먹이를 먹고 있다.,1
소,할아버지께서 젊을 때 소를 기르셨던 이야기를 들었다.,1
소,오늘은 농장 체험에서 소에게 먹이를 주는 일을 했다.,1
소,소가 멀리서 소리를 내며 나를 반겼다.,1
소,소들이 뛰어노는 모습을 보니 마음이 편안해졌다.,1
양,오늘 저녁에 갈비찜을 먹었는데 양이 엄청 많아서 배불렀다.,0
양,고양이가 창가에 앉아 밖을 바라보며 졸고 있었다.,0
양,정원에서 양동이에 물을 담아 꽃에 물을 주었다.,0
양,저녁 식사에 양파를 넣어 맛있는 볶음밥을 만들었다.,0
양,추운 날씨에 따뜻한 양말을 신고 발을 보호했다.,0
양,전기가 나가자 양초를 켜서 방 안을 밝혀 주었다.,0
양,주말에 양궁을 배우러 가서 활을 쏘는 법을 익혔다.,0
양,오늘은 크리스마스이다. 아침에 일어났더니 양말에 산타할아버지가 선물을 놓고 가셨다.,0
양,양털로 만든 스웨터가 따뜻해서 겨울에 자주 입는다.,1
양,양들이 풀밭에서 평화롭게 풀을 뜯고 있었다.,1
양,나는 시험 공부를 할 때 양을 정해놓고 계획적으로 공부한다.,0
양,친구와 함께 양념이 맛있는 바베큐를 먹었다.,0
양,양배추를 썰어서 샐러드에 넣었다.,0
양,우리 집에 양초가 많아서 전기가 나가도 불편하지 않다.,0
양,산책 중에 양을 발견해서 사진을 찍었다.,1
양,먹은 양이 너무 적어서 하루종일 배고팠다.,0
양,오늘 수업에서 양의 수를 계산하는 문제를 풀었다.,1
양,농장에 가서 양들이 뛰어노는 모습을 보았다.,1
양,양들이 평화롭게 풀을 뜯고 있는 모습을 보니 마음이 편안해졌다.,1
양,오늘 친구와 함께 양을 기르는 농장 체험을 했다.,1
양,양의 털로 만든 이불이 정말 따뜻하다.,1
양,양들이 방울 소리를 내며 우리를 맞아주었다.,1
쥐,문제를 해결하기 위해 아이디어를 쥐어짜내야 했다.,0
쥐,오늘 집에서 쥐를 발견해서 깜짝 놀랐다.,1
쥐,책상 밑에 쥐가 숨어 있어서 청소를 열심히 했다.,1
쥐,어제 쥐와 관련된 다큐멘터리를 봤다.,1
쥐,쥐가 종종 집 안에 나타나서 방역을 해야 한다.,1
쥐,친구가 쥐 모양의 장난감을 선물해주었다.,1
쥐,쥐의 이동 경로를 따라가 보니 음식이 떨어져 있었다.,1
쥐,실험실에서 쥐를 사용하여 과학 실험을 했다.,1
쥐,이 영화에서 쥐가 주인공으로 등장해 재미있었다.,1
쥐,쥐가 나오는 만화책을 읽으면서 웃음을 터뜨렸다.,1
쥐,벽에 작은 쥐구멍이 있어 보수 작업을 해야 한다.,1
쥐,숲 속에서 얼룩다람쥐가 나무를 타고 재빠르게 움직였다.,0
쥐,동굴 탐험 중에 박쥐들이 천장에 붙어 있는 모습을 발견했다.,0
쥐,집 안에 쥐덫을 설치했다.,1
쥐,선생님이 학생들에게 문제를 풀어보라고 쥐어주셨다.,0
쥐,아이디어를 쥐어짜며 어려운 문제를 해결해 나갔다.,0
쥐,시험 문제를 쥐어짜내며 집중해서 풀었다.,0
쥐,달리기를 하다가 갑자기 쥐가 나서 넘어졌다.,0
쥐,운동을 너무 많이 해서 종아리에 쥐가 나서 걷기 힘들었다.,0
쥐,책상에 오래 앉아 있어서 손목에 쥐가 나서 불편했다.,0
곰,장마철에 습기로 인해 벽에 곰팡이가 생겼다.,0
곰,문제를 곰곰이 생각해보니 해결 방법이 떠올랐다.,0
곰,오랜 시간 동안 일을 하다 보니 힘이 곰비다.,0
곰,옛날 사람들은 곰방대를 피우며 여유를 즐겼다.,0
곰,곰돌이 모양의 쿠션이 방에 놓여 있다.,1
곰,내가 그린 곰 그림을 벽에 걸었다.,1
곰,동물원에서 큰 곰을 보고 너무 놀랐다.,1
곰,산책 중에 곰발바닥 자국을 발견하고 신기해했다.,1
곰,곰 인형이 침대 위에 앉아 있어서 아이는 잠자기 전에 항상 그 곰 인형과 함께 잠들었다.,1
곰,아이는 곰인형을 자기 침대 옆에 두고 자는 것을 좋아한다.,1
곰,인형의 곰 발바닥 부분이 부드럽고 귀여운 디자인으로 되어 있었다.,1
곰,겨울철에는 곰이 겨울잠을 잔다는 것을 배웠다.,1
곰,친구가 곰 모양의 인형을 선물해 주었다.,1
곰,우리는 곰이 등장하는 동화를 읽으면서 재미있어 했다.,1
곰,산속에서 곰 발자국을 발견하고 신기해했다.,1
곰,곰의 털은 겨울철에 더 두꺼워진다고 한다.,1
곰,곰과 관련된 전설이나 이야기를 읽으며 상상력을 키웠다.,1
곰,북극곰은 차가운 북극 지역에서 살며 하얀 털이 특징이다.,0
곰,동물원에서 북극곰의 먹이 주는 모습을 보고 많은 사람들이 감탄했다.,0
곰,북극곰의 서식지인 북극은 지구에서 가장 추운 지역 중 하나이다.,0
곰,곰치라는 물고기는 구워 먹으면 매우 맛있다.,0
닭,닭살이 돋아서 옷을 더 껴입어야 했다.,0
닭,저녁에 닭볶음탕을 만들었는데 매우 맛있었다.,0
닭,닭발을 요리해서 친구들과 함께 먹었다.,0
닭,닭장을 청소하는 일이 조금 번거롭지만 필요하다.,1
닭,닭꼬치를 숯불에 구워서 간식으로 먹었다.,0
닭,닭고기를 사용해서 건강한 샐러드를 만들었다.,0
닭,닭가슴살을 구워서 다이어트 식단에 추가했다.,0
닭,시장에서 닭똥집을 사서 국물 요리를 해보았다.,0
닭,농장에 가서 다양한 종류의 닭을 구경했다.,1
닭,매일 아침 닭이 우는 소리에 일어난다.,1
닭,우리 집 뒷마당에 닭을 기르기 시작했다.,1
닭,동물원에서 닭의 다양한 품종을 배울 수 있었다.,1
닭,할아버지께서 직접 기른 닭을 가져와서 신선한 계란을 받았다.,1
닭,닭이 주는 계란으로 만든 오믈렛이 아침 식사로 좋다.,1
닭,친구가 기르는 닭들이 잘 자라고 있어서 기쁘다고 말했다.,1
새,오늘은 새벽에 일어나서 산책을 했다.,0
새,저녁에 엄마가 새우를 넣어 만든 요리를 해주셨다.,0
새,봄이 되어 새싹이 돋아나는 모습을 보니 기분이 상쾌했다.,0
새,새해가 밝아서 가족들과 함께 떡국을 먹었다.,0
새,나는 새로운 취미를 찾아보려고 여러 가지를 시도해 보고 있다.,0
새,시험 공부를 하느라 밤을 새우다 보니 너무 피곤했다.,0
새,새벽 공기가 차가웠지만 기분은 상쾌했다.,0
새,바닷가에서 신선한 새우를 직접 잡아봤다.,0
새,정원에 새싹들이 자라나기 시작해서 매일 물을 주고 있다.,0
새,새해 계획을 세우며 더 열심히 살기로 다짐했다.,0
새,오늘은 새 친구가 우리 반에 전학을 왔다.,0
새,새 학기가 시작되어서 학교에 가는 게 설렌다.,0
새,나는 새 운동화를 사서 기분이 좋다.,0
새,"도도새는 이미 멸종된 조류로, 한때는 마다가스카르에 살았다고 알려져 있다.",1
새,앵무새는 다양한 색상과 뛰어난 언어 능력으로 많은 사람들에게 사랑받는다.,1
새,화분에서 새싹이 돋아나면서 봄이 오는 것을 느꼈다.,0
새,저녁에 새우튀김을 주문해서 바삭하고 맛있게 먹었다.,0
새,신선한 새우를 사용해 맛있는 새우 볶음을 만들었다.,0
새,참새가 정원에 날아와서 나무 위에서 즐겁게 지저귀었다.,1
새,식당에서 새우 튀김을 시키니 겉은 바삭하고 속은 촉촉했다.,0
새,집에 가는 길에 새로 생긴 가게를 구경했다.,0
새,나는 새 목표를 세우고 열심히 노력하기로 다짐했다.,0
새,방을 새로 꾸몄더니 분위기가 달라졌다.,0
새,오늘 아침에 새가 지저귀는 소리를 들었다.,1
새,공원에서 작은 새가 날아가는 모습을 보았다.,1
새,나무 위에 앉아 있는 새가 참 예뻤다.,1
새,새들이 하늘을 날아다니는 걸 보니 기분이 좋아졌다.,1
새,창문 밖에서 새가 날개를 퍼덕이는 소리가 들렸다.,1
새,학교 가는 길에 새가 나를 따라오는 것 같았다.,1
새,새는 왜 그렇게 높은 곳을 날 수 있을까 궁금했다.,1
새,비가 온 뒤에 새들이 나뭇가지 위에서 놀고 있었다.,1
새,새가 모이를 주워 먹는 모습을 오래 지켜보았다.,1
뱀,오늘 저녁에는 뱀장어 구이를 먹었다.,0
뱀,친구가 산에서 뱀굴을 발견했다고 말했다.,1
뱀,할아버지께서 뱀술을 몸에 좋다고 하셨다.,1
뱀,동물원에서 뱀독에 대해 설명을 들었다.,1
뱀,정원에서 도마뱀이 빠르게 움직이며 벌레를 잡아먹는 모습을 봤다.,0
뱀,정원에서 도마뱀이 빠르게 기어가는 모습을 발견하고 조심스럽게 다가갔다.,0
뱀,도마뱀이 벽 위에서 햇볕을 쬐며 잠을 자고 있었다.,0
뱀,할로윈 파티에서 뱀파이어로 변신한 친구를 봤다.,0
뱀,시장에서 뱀무늬 가방을 팔고 있었다.,1
뱀,뱀허물을 발견하고 신기해서 사진을 찍었다.,1
뱀,책에서 뱀눈처럼 날카로운 눈을 가진 캐릭터가 나왔다.,1
뱀,내 친구는 뱀띠라서 장난으로 뱀이랑 닮았다고 놀렸다.,1
용,나는 새로 나온 게임을 한 번 해볼 용기가 생겼다.,0
용,나는 어려운 일을 할 때마다 항상 용기를 내려고 한다.,0
용,이번 주말에 캠핑 용품을 사러 가기로 했다.,0
용,어제 친구가 용돈을 받아서 같이 간식을 사 먹었다.,0
용,이번 프로젝트에서 새로운 프로그램을 사용해 보았다.,0
용,배운 지식을 실생활에 활용하는 것이 중요하다.,0
용,친구가 잘못을 사과해서 용서해 주기로 했다.,0
용,장난감 속에 들어있는 용수철이 고장 나서 수리했다.,0
용,철을 녹이는 용광로에서 엄청난 열기가 느껴졌다.,0
용,보고서에 중요한 내용이 빠져서 다시 수정했다.,0
용,이번 문제에 적합한 해결 방법을 적용해 보았다.,0
용,실험 중에 색이 변하는 용액을 보고 신기했다.,0
용,수업 시간에 배운 내용이 시험에 나왔다.,0
용,쇼핑할 때 신용카드를 사용하여 편리하게 결제했다.,0
용,아이가 크레용으로 색칠한 그림이 벽에 붙어 있었다.,0
용,회사는 고객의 신용을 중요하게 여겨서 철저한 신용 평가를 실시한다.,0
용,인터넷을 이용해 원하는 정보를 찾았다.,0
용,대형 건물의 철골 구조는 용접 기술이 매우 중요하다.,0
용,고무줄과 용수철을 이용해서 간단한 실험을 해봤다.,0
용,전설 속의 용이 하늘을 날아다닌다고 한다.,1
용,드래곤은 불을 뿜는 무서운 용으로 묘사된다.,1
용,아이들은 동화책에 나오는 용 이야기를 좋아한다.,1
용,용이 등장하는 영화는 항상 스릴 넘친다.,1
용,나는 용이 나오는 게임을 친구들과 함께 즐겼다.,1
용,용이 수호신 역할을 한다는 전설이 전해 내려온다.,1
벼,갑자기 떨어진 벼락에 모두 놀라서 뛰어갔다.,0
벼,할아버지의 서재에는 오래된 벼루가 놓여 있었다.,0
벼,조선시대에는 벼슬이 높은 사람일수록 사회적 지위가 높았다.,0
벼,시험 전날 벼락치기로 공부를 하다 보니 매우 피곤했다.,0
벼,갑작스러운 사건에 벼락같이 반응해야 했다.,0
벼,오래된 집에 벼룩이 많이 생겨서 청소를 했다.,0
벼,산을 오르다 보니 벼랑에 서 있는 기분이 들었다.,0
벼,천둥과 함께 벼락이 떨어지면서 큰 소음이 일어났다.,0
벼,명필이 쓴 글씨를 보기 위해 벼루를 자세히 살펴보았다.,0
벼,중요한 발표를 준비하면서 벼락치기로 자료를 정리했다.,0
벼,벼농사를 하려면 많은 물과 적절한 기후가 필요하다.,1
벼,여름철에는 푸른 벼밭이 넓게 펼쳐져 있는 풍경이 아름답다.,1
벼,수확한 벼알을 정성스럽게 다듬어 쌀로 만드는 과정이 중요하다.,1
벼,농부들은 벼농사를 위해 계절에 맞춰 적절한 관리와 재배를 한다.,1
벼,가을이 되면 벼밭에서 금빛으로 익어가는 벼를 볼 수 있다.,1
벼,"벼는 한국에서 가장 중요한 농작물 중 하나로, 주요 식량 자원이다.",1
벼,여름철에는 벼가 자라는 모습을 보기 위해 농장에 방문하는 것이 좋다.,1
벼,벼가 자라려면 충분한 물과 햇빛이 필요하다.,1
벼,가을에는 벼를 수확해 쌀로 가공하는 작업이 진행된다.,1
벼,"벼의 꽃은 작고 하얀 색깔로, 자주 관찰하기 어렵다.",1
풀,공원에서 토끼풀을 발견하고 친구들과 함께 장난감을 만들어 놀았다.,0
풀,토끼풀이 자생하는 정원에서 어린이들이 신나게 뛰어놀았다.,0
풀,여름에 산책을 하다 보니 토끼풀이 널려 있는 곳에서 아이들이 놀고 있었다.,0
풀,친구가 나에게 문제를 풀어달라고 요청했다.,0
풀,신문에 실린 기사를 풀어보니 이해가 잘 되었다.,0
풀,팀워크를 통해 문제를 풀어가는 과정이 정말 재미있었다.,0
풀,신나는 음악을 들으며 기분을 풀어보았다.,0
풀,중요한 정보를 풀어놓은 문서를 꼼꼼히 검토했다.,0
풀,풀밭에서 소풍을 즐기며 친구들과 함께 놀았다.,1
풀,정원에 심은 풀꽃이 아름답게 피어났다.,1
풀,숲 속의 풀숲에서 자연의 소리를 들으며 힐링했다.,1
풀,시험 문제를 풀기 위해 열심히 공부했다.,0
풀,마당의 풀사리를 잘 정리해야 여름철에 풀이 자라지 않는다.,1
풀,식물의 풀뿌리는 토양 속에서 영양분을 흡수한다.,1
풀,집 안에 풀장식을 추가해서 분위기를 상쾌하게 만들었다.,1
풀,농장에서 풀무를 사용하여 곡식을 탈곡했다.,0
풀,아이들은 풀밭에서 놀다가 신나서 웃음을 터뜨렸다.,1
풀,정원에 풀이 자주 자라서 잔디를 깎아야 한다.,1
풀,비가 온 뒤 풀이 더욱 푸르고 건강하게 자랐다.,1
배,학교에서 친구와 함께 점심으로 배를 먹었다.,1
배,바닷가에서 배를 타고 해양 스포츠를 즐겼다.,2
배,엄마가 만든 배식초가 요리에 깊은 맛을 더해 준다.,1
배,오늘은 배가 아파서 병원에 가야 했다.,0
배,겨울철에는 배를 썰어 차로 마시면 따뜻하다.,1
배,공원에서 배를 가득 실은 농기계가 지나갔다.,1
배,책상 위에 배를 놓고 공부를 하다 보니 기운이 난다.,1
배,저녁에는 배를 깎아 신선한 과일로 먹었다.,1
배,배에 붙은 표식을 보니 이 배는 오래된 역사적 유물이다.,2
배,친구와 함께 배를 타고 바다를 탐험했다.,2
배,마트에서 배를 한 통 사서 냉장고에 보관했다.,1
배,배에 구멍이 나서 물이 새기 시작했다.,2
배,아침 식사로 배와 요거트를 함께 먹었다.,1
배,물이 많은 지역에서는 배가 교통 수단으로 활용된다.,2
배,조리법에 따라 배를 썰어서 샐러드에 넣었다.,1
배,여행을 떠나기 위해 항구에서 배를 기다렸다.,2
배,배 위에서 신선한 바람을 맞으며 풍경을 즐겼다.,2
배,배가 아파서 병원에 갔다.,0
배,배추로 만든 김치가 집에서 가장 인기 있는 반찬이다.,0
배,인터넷에서 배달 음식을 주문하면 집에서도 편하게 식사를 할 수 있다.,0
배,휴대폰의 배터리가 다 되어 충전기를 찾아야 했다.,0
배,매주 토요일마다 배구를 하러 친구들과 체육관에 간다.,0
배,여름철에는 배꼽이 보이는 옷을 자주 입게 된다.,0
배,오늘 체육 시간에 친구들과 함께 배구 경기를 하며 즐거운 시간을 보냈다.,0
배,주말에 공원에서 가족과 함께 배드민턴을 치며 운동을 했다.,0
배,배달음식을 시키면 다양한 음식을 집에서 간편하게 즐길 수 있다.,0
배,사진의 배경이 너무 아름다워서 인생 사진을 찍었다.,0
배,카페에서 배경음악이 흐르면서 편안하게 책을 읽었다.,0
배,새로운 컴퓨터를 구매하고 나서 배경화면을 자신만의 디자인으로 바꿨다.,0
배,집에서 배관이 막혀서 수리업자를 부르기로 했다.,0
배,비가 많이 와서 배수가 잘 되지 않아 도로가 물에 잠겼다.,0
배,전기 시설을 설치하기 위해 배선도를 자세히 검토했다.,0
배,장을 보고 돌아와서 배추를 사용해 맛있는 된장찌개를 만들었다.,0
배,친구가 배달 서비스를 이용해 우리 집까지 음식이 배달되었다.,0
배,노트북의 배터리 잔량이 적어 충전하기 위해 전원에 연결했다.,0
콩,주인공의 이름이 콩이었다.,0
콩,땅콩 맛이 나는 아이스크림을 먹으니 고소하고 달콤한 맛이 입 안에 가득했다.,0
콩,콩트나 드라마에서 자주 보는 장면이 떠올랐다.,0
콩,콩나물을 넣어 만든 국물에 밥을 비벼 먹으니 맛이 좋았다.,0
콩,간식으로 땅콩을 구워서 영화 관람 중에 먹었다.,0
콩,땅콩 버터를 바른 토스트가 아침 식사로 아주 맛있었다.,0
콩,여름철에는 콩국수가 시원하고 상큼해서 자주 먹는다.,1
콩,콩고기는 채식주의자들이 고기 대신 많이 사용하는 재료다.,1
콩,김치찌개에 콩잎을 넣어 맛을 더욱 풍부하게 만들었다.,1
콩,집에서 직접 콩가루를 만들어 보았다.,1
콩,아침에 콩밥을 해 놓고 건강한 식사를 시작했다.,1
콩,장터에서 콩밭을 운영하며 직접 기른 콩을 판매했다.,1
콩,저녁에 콩가루로 만든 전통 간식을 즐기며 휴식을 취했다.,1
콩,간식으로 콩을 한 줌 집어 먹으니 배가 고프지 않았다.,1
콩,식사 후 디저트로 콩을 볶아서 먹으니 맛이 좋았다.,1
콩,친구가 가져온 콩 과자를 나눠 먹으면서 즐거운 시간을 보냈다.,1
밤,오늘 밤에는 별이 많이 보여서 하늘이 정말 아름다웠다.,0
밤,밤새도록 책을 읽다 보니 눈이 감길 정도로 피곤했다.,0
밤,가족과 함께 밤에 산책을 하며 스트레스를 풀었다.,0
밤,밤에 차가운 공기를 느끼며 기분이 상쾌해졌다.,0
밤,밤늦게까지 작업을 하다가 커피 한 잔으로 피로를 달랬다.,0
밤,밤색 코트를 입고 외출하니 날씨가 더 따뜻하게 느껴졌다.,0
밤,밤하늘에 떠 있는 별들이 너무 선명해서 감탄했다.,0
밤,"친구들과 함께 밤낚시를 하러 갔는데, 큰 물고기를 잡았다.",0
밤,밤비가 창문을 두드리며 편안한 분위기를 만들어 주었다.,0
밤,중요한 프로젝트 마감을 위해 밤을 새서 매우 피곤했다.,0
밤,겨울철에는 구운 밤을 간식으로 먹으면서 따뜻한 시간을 보낸다.,1
밤,밤을 찜기에 쪄서 먹으면 더욱 달콤하고 부드럽다.,1
밤,친구와 함께 밤을 나눠 먹으면서 이야기를 나누는 것이 즐겁다.,1
밤,밤을 이용해 만든 밤식빵은 부드럽고 고소한 맛이 일품이다.,1
빵,아침에 새로 오픈한 빵집에 들렀다.,1
빵,차가운 날씨에는 털이 빵빵한 외투를 입어야 했다.,0
빵,빵가루를 뿌려서 만든 튀김이 더욱 바삭하고 맛있다.,1
빵,빵순이인 친구가 새로 열린 빵집을 자주 가서 맛있는 빵을 사온다.,1
빵,빵판 위에 다양한 종류의 쿠키를 예쁘게 놓았다.,1
빵,빵찌개를 만들어 먹었는데 맛있었다.,1
빵,빵속에 들어간 크림이 부드럽고 달콤해 디저트로 좋다.,1
빵,아침 식사로 빵과 함께 신선한 주스를 마셨다.,1
빵,갓 구운 빵이 따뜻하고 바삭해서 정말 맛있었다.,1
빵,점심으로 빵과 함께 샐러드를 먹으니 한 끼 식사가 완성되었다.,1
빵,디저트로 식빵에 잼을 발라 먹으니 달콤한 맛이 일품이었다.,1
국,따뜻한 국물이 들어간 찌개가 추운 날씨에 정말 잘 어울린다.,1
국,점심으로 국에 밥을 말아 먹으니 간편하고 맛있었다.,1
국,아침에 국을 넣은 간단한 식사를 준비해 빠르게 해결했다.,1
국,매운 국수를 먹으면서 스트레스를 푸는 것이 좋다.,0
국,시원한 국물이 가득한 미역국을 아침 식사로 먹으니 건강에 좋았다.,1
국,국밥에 푹 익은 고기와 신선한 채소를 넣어 더 맛있게 즐겼다.,1
국,점심으로 국수를 먹으면서 친구와 이야기꽃을 피웠다.,0
국,국밥에 들어간 다양한 재료가 국물의 맛을 풍부하게 해준다.,1
국,국회에서 중요한 법안이 논의되고 있다고 들었다.,0
국,매주 수요일에는 국회에서 중요한 법안이 논의된다.,0
국,선생님이 국장님과의 만남에 대해 이야기해 주셨다.,0
국,여행 중에 국경을 넘어서 새로운 나라에 도착했다.,0
국,강을 따라 흐르는 물이 국경을 형성하는 지역이 많다.,0
국,우리 집 근처에 있는 국토 공원이 너무 좋아서 자주 가곤 한다.,0
국,국어 수업에서 새로운 단어와 문법을 배우는 것이 재미있다.,0
국,우리나라의 국토는 다양한 자연경관으로 유명하다.,0
국,서울에는 많은 국립 박물관과 도서관이 있다.,0
국,가을에 국화 꽃이 많이 피어서 공원이 예뻐 보였다.,0
국,국화는 가을철에 특히 아름다운 꽃이다.,0
국,국제 축제에 참여해서 다양한 나라의 문화를 경험했다.,0
국,오늘 학교에서 국립관에 대한 이야기를 들었다.,0
국,이번 전시회는 국립관에서 열리는 만큼 많은 관람객들이 예상된다.,0
국,새로 나온 국어사전이 너무 유용해서 자주 사용한다.,0
국,새로 출판된 국어사전에는 현대 언어의 변화가 잘 반영되어 있다.,0
국,국민들이 다 함께 참여하는 행사에 가게 되어 기뻤다.,0
국,국민들의 건강을 위해 다양한 정책이 시행되고 있다.,0
국,여름 방학 동안 국내 여행을 하며 많은 곳을 구경했다.,0
국,우리 학교는 국가 인증을 받은 우수 학교라고 들었다.,0
국,친구와 함께 국제기구에 관한 영화를 보면서 많은 것을 배웠다.,0
국,국보로 지정된 유물을 박물관에서 직접 보고 감동했다.,0
국,나라의 국방을 위해 많은 사람들이 열심히 일하고 있다는 것을 알았다.,0
국,중요한 서류를 보내기 위해 우체국에 들렀다.,0
국,가족과 함께 주말에 국립공원에서 하이킹을 즐겼다.,0
국,국정 개혁에 관한 뉴스에서 중요한 소식을 들었다.,0
국,국물이 진하고 얼큰한 매운탕이 오늘의 저녁 메뉴이다.,1
국,친구와 함께 국수를 먹으면서 새로운 레시피를 시도해 보았다.,0
국,국밥은 특히 겨울철에 따뜻하게 몸을 데울 수 있는 음식이다.,1
국,국회에서 논의되는 다양한 법안들이 어떻게 결정되는지 궁금하다.,0
국,우리 학교의 국장님이 방문하셔서 특별 강의를 해주셨다.,0
국,다음 주에 열리는 국제 회의에서 중요한 발표를 준비하고 있다.,0
밥,오늘 저녁에는 가족들이 모두 밥상에 둘러앉아 식사를 했다.,1
밥,아침에 엄마가 밥솥에서 따끈한 밥을 꺼내 주셔서 맛있게 먹었다.,1
밥,학교 끝나고 친구랑 동네 밥집에서 밥을 먹었다.,1
밥,집에 있는 밥통이 고장 나서 엄마가 새로 사야겠다고 하셨다.,1
밥,점심으로 밥버거를 먹었는데 생각보다 맛있어서 또 먹고 싶다.,1
밥,엄마가 주신 밥공기를 다 비우고 나니 배가 부르다.,1
밥,먹다가 밥알이 옷에 떨어져서 깜짝 놀랐다.,1
밥,아빠가 밥상에서 어릴 때 이야기해 주셔서 재미있었다.,1
밥,행사장에 있는 밥차에서 맛있는 카레를 먹었다.,1
밥,입에 밥풀이 붙어서 친구들이 웃었다.,1
밥,오늘 아침에 따뜻한 밥을 먹고 학교에 갔다.,1
밥,점심으로 엄마가 해 주신 비빔밥을 맛있게 먹었다.,1
밥,친구들과 함께 밥을 먹으면서 즐거운 시간을 보냈다.,1
밥,소풍 가기 전에 편의점에서 삼각 김밥을 사서 먹었다.,0
밥,오늘 저녁에는 신선한 생선으로 만든 초밥을 먹으러 일본 음식점에 갔다.,0
밥,엄마가 만들어 주신 주먹밥을 도시락으로 싸 갔더니 친구들이 부러워했다.,0
밥,점심으로 삼각 김밥 두 개를 먹었더니 배가 든든해졌다.,0
밥,친구들과 놀러 갔을 때 간단하게 주먹밥을 만들어 먹었다.,0
밥,편의점에서 다양한 맛의 삼각김밥을 골라 먹는 게 재미있다.,0
밥,소풍 갈 때 엄마가 정성껏 만들어 주신 김밥을 도시락에 담았다.,0
밥,점심으로 김밥 한 줄을 먹었는데 생각보다 배가 불렀다.,0
밥,라면이랑 삼각김밥을 같이 먹었다.,0
굴,동물들이 겨울잠을 자기 위해 굴속에 숨어들었다.,0
굴,공사 현장에서 커다란 굴착기가 땅을 파고 있었다.,0
굴,저녁 식사로 엄마가 구워 주신 굴비를 맛있게 먹었다.,0
굴,추운 겨울날 굴뚝에서 연기가 피어오르는 모습을 보았다.,0
굴,친구 앞에서 굴욕을 당해 얼굴이 빨개졌다.,0
굴,빛이 물에 들어가면서 굴절되어 다른 각도로 나아갔다.,0
굴,여행 중에 신비로운 석굴을 구경할 수 있었다.,0
굴,어두운 동굴 안을 탐험하는 것이 무섭지만 재미있었다.,0
굴,산길이 굴곡이 많아서 조심히 걸어야 했다.,0
굴,해안가의 해굴 안에서 신기한 생물들을 발견했다.,0
굴,신선한 굴을 초장에 찍어 먹으니 정말 맛있었다.,1
굴,엄마가 저녁으로 굴국을 끓여 주셔서 따뜻하게 먹었다.,1
굴,겨울철 제철 음식인 굴은 영양이 풍부해서 몸에 좋다.,1
굴,바닷가에서 먹은 굴구이가 고소하고 신선했다.,1
굴,해물파전에 굴을 넣어 먹으니 더 풍미가 깊었다.,1
굴,친구들과 함께 굴찜을 먹으며 즐거운 시간을 보냈다.,1
꿀,꿀단지에서 꺼낸 꿀을 빵에 발라 먹으니 달콤하고 맛있었다.,1
꿀,아침 식사로 빵에 달콤한 벌꿀을 발라 먹었다.,1
꿀,꿀벌이 정원에서 꽃가루를 모으며 열심히 일하고 있었다.,0
꿀,친구가 알려준 꿀팁 덕분에 숙제를 더 쉽게 끝낼 수 있었다.,0
꿀,꿀조합으로 유명한 토마토와 모차렐라 치즈를 함께 먹어보았다.,0
꿀,따뜻한 꿀차를 마시며 겨울철의 차가운 바람을 피했다.,1
꿀,꿀떡은 쫄깃하고 달콤해서 특별한 날에 먹기 좋은 간식이다.,0
꿀,여름에 시원한 꿀수박을 먹으니 더위를 잘 이길 수 있었다.,0
꿀,우리 집 정원에 꿀벌이 많이 와서 꽃들이 더욱 풍성해졌다.,0
꿀,오늘 만든 디저트가 꿀맛이어서 친구들이 모두 칭찬했다.,0
꿀,밤에 꿀잠을 자면 다음 날 아침이 더 상쾌하게 시작된다.,0
꿀,꿀벌의 역할 덕분에 농작물이 잘 자라나는 것을 알게 되었다.,0
꿀,여름에 꽃밭에 꿀벌이 날아다니는 모습을 보니 기분이 좋아졌다.,0
꿀,꿀꿀이라는 이름의 애완 돼지가 집에서 큰 인기를 끌고 있다.,0
꿀,동물원에서 꿀꿀이라 부르는 작은 돼지가 귀여워서 많은 사람들이 구경하고 있다.,0
꿀,엄마가 꿀꿀이죽을 만들 때는 항상 따뜻하고 부드럽게 요리해 주신다.,0
꿀,꿀을 넣은 요거트는 간편하면서도 맛있고 건강한 간식이다.,1
꿀,차가운 꿀을 넣어 만든 따뜻한 차가 몸을 편안하게 해 주었다.,1
꿀,아침에 토스트에 꿀을 발라 먹으니 달콤하고 맛있었다.,1
꿀,동물원에서 꿀벌의 생태에 관한 전시를 보고 많은 것을 배웠다.,0
꿀,산에 꿀벌들이 엄청 많아서 무서웠다.,0
꿀,샐러드에 꿀 드레싱을 넣어 보니 색다르고 맛있었다.,1
꿀,저녁 후에 꿀과 레몬을 섞어 만든 음료를 마시니 상쾌하고 달콤했다.,1
차,학교 앞에 도로가 넓어서 차들이 잘 다닐 수 있다.,2
차,아빠가 새로 구입한 차량이 정말 멋지고 편안하다.,2
차,오늘 수학 시험 결과가 차트로 표시되어 있어서 이해하기 쉬웠다.,0
차,겨울철에는 바람이 불어 차갑게 느껴진다.,0
차,친구가 나에게 차별 없이 친절하게 대해줘서 고마웠다.,0
차,저녁에 차례를 지내고 나서 가족들과 함께 식사했다.,0
차,어려운 문제를 풀 때는 차마 포기하지 않고 계속 도전해야 한다.,0
차,도서관에서 책을 차입하는 것이 아주 유용하다.,0
차,새로 산 차량용 청소기가 정말 유용해서 차를 깨끗하게 유지할 수 있다.,2
차,기차역에서 차표를 사는데 시간이 조금 걸렸다.,0
차,산에서 차산의 경치를 보며 산책하는 것이 정말 좋았다.,0
차,도로에 차선이 잘 표시되어 있어서 운전하기 편리했다.,0
차,시험 준비를 하면서 차분하게 공부하는 것이 중요하다.,0
차,맛있는 음식을 먹으면서 차조의 질감을 느낄 수 있었다.,0
차,다양한 차원의 문제를 해결하면서 수학이 더 재미있어졌다.,0
차,주말에 가족과 함께 차를 타고 여행을 떠나서 멋진 풍경을 구경했다.,2
차,친구 생일 파티에 참석하기 위해 차를 타고 친구 집에 갔다.,2
차,기관차가 기차역에 도착하자 많은 사람들이 내려서 역 안으로 들어갔다.,0
차,여행 중에 타본 고속열차는 정말 빠르고 편안해서 즐거웠다.,0
차,"학교 소풍 날, 우리는 기차를 타고 시골로 가서 아름다운 풍경을 구경했다.",0
차,놀이공원에서 관람차를 타고 위에서 전체 공원과 도시를 한눈에 볼 수 있었다.,0
차,"갑자기 길에서 사고가 나자, 구급차가 신속하게 도착해 응급처치를 해주었다.",0
차,불이 나자 소방차가 출동해 화재를 신속하게 진압했다.,0
차,학교 행사에서 경찰차가 전시되어 있어 친구들과 함께 구경했다.,0
차,"매일 아침, 자동차를 타고 학교에 가는 길에 다양한 풍경을 볼 수 있다.",2
차,주말에 가족과 함께 자동차를 타고 바닷가로 소풍을 갔다.,2
차,"아침에 학교에 가기 위해 자동차를 타고 출발했는데, 교통이 원활해서 좋았다.",2
차,아빠가 새로 산 차로 주말에 가까운 산으로 가족과 드라이브를 갔다.,2
차,학교에서 집까지 가는 길에 차를 타니 비가 와도 걱정이 없어서 편리했다.,2
차,아침 식사 후에 따뜻한 차를 마시며 편안한 시간을 보냈다.,1
차,겨울철에는 차에 꿀과 레몬을 넣어 마시면 몸이 따뜻해진다.,1
차,친구가 만든 차가 너무 맛있어서 레시피를 물어봤다.,1
차,저녁에 차를 한 잔 마시며 책을 읽는 것이 나만의 힐링 시간이다.,1
차,여름에 시원한 차를 마시면서 친구들과 함께 시원한 바람을 즐겼다.,1
차,시험 공부를 하면서 긴장을 풀기 위해 자주 차를 마셨다.,1
차,여행을 떠나기 전에 기차역에서 표를 구매했다.,0
차,마을 축제에서 경삼륜차를 타고 즐거운 시간을 보냈다.,0
차,아침에 일어나서 홍차를 한 잔 마시니 하루가 상쾌하게 시작되었다.,1
차,친구와 카페에서 녹차 라떼를 마시며 수다를 떨었다.,1
차,오후 간식으로 우롱차와 함께 다과를 즐기는 것이 나의 작은 행복이다.,1
차,저녁에는 따뜻한 허브차를 마시며 하루의 스트레스를 풀었다.,1
차,여름에 차가운 보이차를 마시니 더위가 한결 나아졌다.,1
차,집에서 혼자 차를 끓여 마시면서 편안한 독서 시간을 가졌다.,1
산,오늘 오후에 산책을 하며 공원에서 신선한 공기를 마셨다.,0
산,산에서 가니 기분이 정말 좋았다.,1
산,산등성이를 따라 걷다 보니 멋진 경치가 펼쳐졌다.,1
산,주말에 산악 자전거를 타는 것이 기대된다.,1
산,여름에는 산속에 가서 시원한 바람을 느끼는 것이 좋다.,1
산,이 지역은 산지라서 멋진 산 풍경을 자주 볼 수 있다.,1
산,학교 소풍에서 산림 속을 탐험하며 다양한 식물을 관찰했다.,1
산,바닷속에서 아름다운 산호초를 보며 스노클링을 즐겼다.,0
산,제주도의 화산 활동에 대해 배우기 위해 박물관을 방문했다.,0
산,일본 여행 중에 후지산의 장엄한 경치를 감상했다.,1
산,스카이다이빙을 하기 위해 낙하산을 안전하게 점검했다.,0
산,갑자기 비가 내리기 시작해서 우산을 꺼내서 비를 피했다.,0
산,산행을 하기 전에 튼튼한 등산화를 신고 산에 올랐다.,1
산,수학 시간에 산수 문제를 풀면서 많은 연습을 했다.,0
산,농장에서 산물을 수확하며 자연과 함께하는 즐거운 시간을 보냈다.,0
산,산맥을 넘는 등산이 도전적이지만 보람이 있었다.,1
산,바다에 가서 산호를 보면서 아름다운 해양 생물들을 구경했다.,0
산,친구와 함께 산에서 산신령에 관한 이야기를 나누며 신비로움을 느꼈다.,0
산,엄마가 산후조리를 잘 하셔서 건강하게 회복하는 모습을 보았다.,0
산,산책하다가 산발이 된 머리를 정리하며 기분이 상쾌해졌다.,0
산,자주 가는 공원의 산책로를 따라 걷는 것이 힐링이 된다.,0
산,숲속에서 산소가 풍부한 공기를 마시니 기분이 상쾌했다.,0
산,주말에 가족과 함께 산에 올라가서 멋진 경치를 감상했다.,1
산,학교에서 산에 대한 프로젝트를 하며 다양한 식물과 동물에 대해 배웠다.,1
산,주말에 설악산에 가서 아름다운 경치와 시원한 공기를 만끽했다.,1
산,학교 소풍에서 친구들과 함께 북한산을 올라가며 즐거운 시간을 보냈다.,1
산,여름 방학 동안 가족과 함께 한라산에 등산을 가서 멋진 자연을 구경했다.,1
산,할아버지와 함께 남산에서 서울의 야경을 보며 이야기 나누는 시간을 가졌다.,1
산,여름 방학 동안 매일 뒷산에 올라가서 산책을 하며 운동을 했다.,1
산,집 뒷마당의 뒷산에서 가족과 함께 가벼운 산책을 즐겼다.,1
산,뒷산에서 신선한 공기를 마시며 친구들과 숨바꼭질을 했다.,1
집,오늘은 학교가 끝나고 바로 집으로 돌아왔다.,1
집,비가 많이 와서 집 안에만 있었다.,1
집,우리 집 옆에는 예쁜 꽃들이 피어 있다.,1
집,친구가 우리 집에 놀러 왔다.,1
집,새로 이사한 집은 공원이 가까워서 좋다.,1
집,집 앞에서 자전거를 타고 놀았다.,1
집,집안일을 도와드리려고 엄마와 청소를 했다.,1
집,오늘 미술 시간에 나는 큰 종이에 집을 그렸다.,1
집,친구가 나에게 집짓기 게임을 알려주었다.,1
집,바람이 세게 불어 우산이 집어 던져졌다.,0
집,누나는 내일까지 집합 과제를 끝내야 한다고 말했다.,0
집,과학 시간에 무게를 재는 방법을 집어 주셨다.,0
집,과학 시간에 달팽이집의 모양을 배워서 신기했다.,0
집,숲에서 놀다가 달팽이 집을 발견해서 구경했다.,0
집,달팽이집은 나선형으로 생겨서 신비로웠다.,0
집,달팽이 집에 대해 알아보는 과제를 해서 재미있었다.,0
집,오늘은 집안 청소를 도와드렸다.,1
집,시험이 가까워져서 공부에 집중해야 한다.,0
집,내일은 큰 집회가 있어서 교통이 혼잡할 것 같다.,0
집,우리 동네 집값이 많이 올랐다.,1
집,집중력을 키우기 위해 퍼즐 맞추기를 연습하고 있다.,0
집,이마트에서 새로운 집기를 샀다.,0
집,이사하기 전에 집수리가 꼭 필요했다.,1
집,친구에게 새로 이사한 집주소를 알려줬다.,1
집,그는 작은 일에 너무 집착하는 것 같아서 걱정된다.,0
집,작가가 되기 위해 매일 조금씩 집필 연습을 하고 있다.,0
집,엄마가 장난감을 집어치우다고 말하셨다.,0
집,오늘은 집안일을 도와드리느라 바빴다.,1
집,이 지역에 집지를 고를 때 신중해야 한다.,0
집,명절에는 온 집안사람들이 모여서 즐겁게 지낸다.,1
집,할머니가 뜨거운 음식을 집게로 집어서 주셨다.,0
집,숙제할 때는 잡념 없이 집중하는 것이 중요하다.,0
집,나는 새 책을 사기 위해 책집에 갔다.,0
집,이번 주말에는 동생과 함께 놀이집에 가기로 했다.,0
성,이번 시험에서 좋은 성적을 받아서 기분이 좋다.,0
성,우리 동네에 옛날 성곽이 있어서 역사 공부에 도움이 된다.,1
성,친구와 함께 성실하게 과제를 완성했다.,0
성,나는 항상 목표를 이루기 위해 성공을 꿈꾼다.,0
성,여행을 가서 멋진 성을 구경했다.,1
성,운동을 꾸준히 하면 체력이 많이 성장한다.,0
성,팀워크가 좋아서 경기를 성공적으로 마칠 수 있었다.,0
성,그의 성격은 정말 밝고 긍정적이다.,0
성,새로 이사한 동네는 안전성이 높은 지역이다.,0
성,선생님께서 내 성명을 부르실 때 대답했다.,0
성,그는 성공하기 위해 매일 열심히 노력하고 있다.,0
성,이번 프로젝트는 모두가 협력해서 성공적으로 끝났다.,0
성,새로운 취미를 시작하고 나서 나의 성장을 느낄 수 있었다.,0
성,성인이 되면 더 많은 책임을 져야 한다.,0
성,이 도시는 오래된 성벽으로 유명하다.,1
성,친구와 약속을 지키는 것은 성실의 중요한 부분이다.,0
성,선생님께서 내 성함을 물어보셨다.,0
성,성능이 좋은 컴퓨터를 사려고 알아보고 있다.,0
성,사람마다 각자의 성향이 다르기 때문에 존중해야 한다.,0
성,나는 자신의 목표를 이루기 위해 성취감을 느끼고 싶다.,0
성,밤하늘을 보며 과학 선생님께서 인공위성이 지구를 도는 원리를 설명해 주셨다.,0
성,지구는 태양 주위를 도는 행성 중 하나이다.,0
성,오늘 과학 시간에 인공위성의 구조와 기능에 대해 배웠다.,0
성,"우리 태양계에는 여러 행성이 있으며, 각기 다른 특징을 가지고 있다.",0
성,아이들과 함께 모래사장에서 모래 성을 쌓았다.,1
성,우리는 여행 중에 중세 시대의 멋진 성을 구경했다.,1
성,동화책 속 공주가 살고 있는 아름다운 성이 나왔다.,1
성,옛날 왕들은 높은 성을 쌓아 적의 침입을 막았다.,1
성,그 마을의 중심에는 커다란 성이 우뚝 서 있다.,1
성,동화 속 백설공주의 성은 눈 덮인 숲 속 깊은 곳에 자리 잡고 있었다.,1
성,성주는 마을 사람들을 보호하기 위해 성벽을 더욱 튼튼하게 만들었다.,1
성,아이들은 놀이 시간에 신데렐라의 성을 재현하며 즐겁게 놀았다.,1
성,그 마을의 성주는 주민들에게 존경받는 리더였다.,1
휠,할머니는 병원에서 휠체어를 타고 이동하셨다.,0
휠,공원에는 휠체어로 접근할 수 있는 경로가 마련되어 있다.,0
휠,어린이날에 자원봉사자들이 휠체어를 필요한 사람들에게 지원했다.,0
휠,박물관에서는 휠체어를 대여할 수 있는 서비스를 제공한다.,0
휠,친구가 휠체어를 사용하여 경기장에서 불편 없이 관람할 수 있었다.,0
휠,자전거의 휠이 고장이 나서 수리점에 가야 한다.,1
휠,스티어링 휠을 조작하여 자동차를 안전하게 운전했다.,1
휠,운동장에서 휠체어의 크기와 구조를 살펴보았다.,0
휠,로봇의 휠이 문제를 일으켜서 수리해야 했다.,1
휠,새로 산 스쿠터의 휠이 매우 튼튼해서 좋다.,1
휠,차고에는 다양한 휠이 놓여 있어 정리정돈이 필요하다.,1
휠,농구장에서 휠장비를 사용하여 장애인 선수들이 경기를 할 수 있었다.,1
휠,공장에서는 다양한 휠장비를 사용하여 물건을 운반한다.,1
휠,최신 휠장비를 도입하여 작업 효율성을 높일 수 있었다.,1
휠,스포츠 클럽에서는 휠체어 농구를 위한 전문 장비를 구비하고 있다.,0
휠,자전거의 휠타이어가 펑크 나서 수리점에 가야 했다.,1
휠,물류센터에서는 휠러를 사용하여 무거운 상자들을 빠르게 이동시킨다.,1
휠,마당에 쌓인 나뭇가지들을 옮기기 위해 휠카를 사용했다.,1
휠,새 차를 구매하면서 휠커버도 함께 교체하여 더욱 멋진 모습을 만들었다.,1
달,오늘은 달력에 빨간색으로 중요한 일정을 표시했다.,0
달,밤하늘의 달빛이 방 안까지 비춰서 매우 아름다웠다.,1
달,정원에서 달팽이를 발견하고 조심스럽게 관찰했다.,0
달,김치는 달래를 넣어 맛이 더 풍부해졌다.,0
달,운동장에서 친구들과 함께 달리기를 하면서 건강을 챙겼다.,0
달,디저트로 달콤한 케이크를 먹으니 기분이 좋아졌다.,0
달,이번 프로젝트의 달성 목표는 매우 도전적이지만 흥미롭다.,0
달,도난당한 자전거를 찾기 위해 달아나다는 시도를 계속하고 있다.,0
달,아이가 울 때는 엄마가 달래다며 곁에서 위로해 준다.,0
달,아침에 일어나서 신선한 달걀을 먹으며 하루를 시작했다.,0
달,새로운 달성 목표를 세우고 이를 이루기 위해 계획을 세웠다.,0
달,보름달이 떠 있는 밤에는 달빛이 강하게 비쳐서 신비로웠다.,1
달,운동회에서 달리기 경기에 참가하여 좋은 결과를 얻었다.,0
달,수달이 강가에서 물고기를 잡고 있는 모습을 발견했다.,0
달,겨울철에는 수달이 겨울잠을 자는 장소를 찾아 이동한다.,0
달,정원에서 달팽이집을 발견하고 조심스럽게 살펴보았다.,0
달,비 오는 날에는 달팽이 집이 나와서 느리게 움직인다.,0
달,달팽이가 잔디 위를 천천히 기어가는 모습을 보았다.,0
달,화초에 달팽이가 생겨서 식물에 피해를 주지 않도록 조심해야 한다.,0
달,달걀을 삶을 때는 물에 소금을 조금 넣으면 껍질이 잘 벗겨진다.,0
달,체육 대회에서 금메달을 딴 친구에게 축하의 메달을 수여했다.,0
달,학생들은 학업 성취를 기념하여 메달을 받았다.,0
달,올림픽에서 금메달을 획득한 선수의 인터뷰가 큰 관심을 받았다.,0
달,"매일 열심히 연습한 결과, 마침내 금메달을 손에 넣었다.",0
달,"비록 은메달을 얻었지만, 최선을 다한 결과에 만족했다.",0
달,대회에서 동메달을 획득한 친구에게 응원의 메시지를 보냈다.,0
달,동메달을 따낸 팀은 다음 경기에서 더 좋은 성적을 기대하고 있다.,0
달,새로운 달력을 걸어 놓고 중요한 일정을 메모해 두었다.,0
달,달력의 날짜를 확인하며 다음 주에 계획된 일정을 준비했다.,0
달,달이 하늘에 밝게 떠서 밤이 더욱 아름다웠다.,1
달,달을 관찰하기 위해 망원경을 꺼내서 자세히 살펴보았다.,1
달,여행 중에 달을 배경으로 멋진 사진을 찍었다.,1
달,보름달이 뜨는 밤에는 하늘이 더욱 환하게 밝아져서 산책하기 좋다.,1
달,달빛이 창문을 통해 방 안으로 스며들어 은은한 분위기를 만들어 주었다.,1
달,전설에 따르면 달토끼는 달에 살며 불로장생의 약을 만들고 있다고 한다.,1
달,"달의 뒷면은 지구에서 볼 수 없는 부분으로, 우주 탐사에 의해 많은 정보가 밝혀졌다.",1
달,달의 연인이라는 소설은 밤하늘을 배경으로 한 로맨스를 담고 있다.,1
달,달의 아이라는 애니메이션에서 주인공은 달에서 온 특별한 능력을 가진 캐릭터이다.,1
달,밤에 달을 봤는데 달의 앞면이 선명하게 보여서 신기했다.,1
해,오늘은 해가 너무 뜨겁게 내리쬐어서 그늘에서 쉬었다.,1
해,저녁 해가 지고 나서 하늘이 아름다운 색으로 물들었다.,1
해,바닷가에서 해변을 산책하며 시원한 바람을 느꼈다.,0
해,해양 생물 박물관에서 다양한 바다 생물들을 구경했다.,0
해,학교에서는 해양학에 관한 수업이 진행되어 흥미로웠다.,0
해,뉴스에서 동네에 갑자기 멧돼지가 나왔다고 해서 놀랐다.,0
해,영화를 보러 가기로 해서 오후 내내 기대감에 들떴다.,0
해,해석이 필요한 문장을 잘 이해하기 위해 여러 번 읽었다.,0
해,친구와 함께 해수욕장에서 즐거운 시간을 보냈다.,0
해,해발 고도가 높은 지역에서는 공기가 맑고 상쾌하다.,0
해,운동회에서 1등을 해서 상을 받았다.,0
해,엄마가 아침에 나가서 먹을 간식을 준비해줬다.,0
해,오늘 생일이라서 친구들이 카드와 작은 선물을 해줬다.,0
해,일출을 보기 위해 새벽에 일찍 일어나서 해돋이를 기다렸다.,1
해,이 문제를 해결하기 위해 최선을 다할 것이다.,0
해,이번 해에는 새로운 목표를 설정하고 열심히 노력할 계획이다.,0
해,올해 처음으로 영화관에서 영화를 봤다.,0
해,올해는 새로운 취미를 시작하기로 결심했다.,0
해,올해의 목표는 매일 운동을 하고 건강한 식습관을 유지하는 것이다.,0
해,해가 바뀔 때마다 새로운 계획을 세워서 더 나은 자신을 만들어가려고 한다.,0
해,해적 이야기를 다룬 영화는 흥미진진한 모험을 담고 있었다.,0
해,여름 방학 동안 가족과 함께 해외 여행을 떠날 예정이다.,0
해,친구는 복잡한 문제도 잘 이해하다 보니 해결책을 쉽게 찾을 수 있었다.,0
해,문학 작품을 읽으면서 그 의미를 깊게 해석하다는 것이 중요하다는 것을 깨달았다.,0
해,친구가 부탁한 일을 해 주기로 결정했다.,0
해,그 스포일러는 영화의 몰입을 해친다는 결과를 초래했다.,0
해,오래된 옷이 자주 입다 보니 색이 해지다고 느껴졌다.,0
해,여름 방학 동안 해변에서 모래성을 쌓고 시원한 바닷물에 발을 담갔다.,0
해,해질녘에 공원에서 산책을 하니 시원한 바람이 불어와 기분이 좋았다.,1
해,해질녘에 하늘이 오렌지색으로 물들어 정말 아름다웠다.,1
해,밭에 해바라기가 가득 피어 있어서 여름의 아름다움을 느낄 수 있었다.,0
해,꽃집에서 해바라기를 사서 집안에 두니 기분이 밝아졌다.,0
해,학교 행사에서 해바라기를 주제로 한 미술 작품을 전시하여 많은 관람객들이 감상했다.,0
해,해바라기 씨앗을 모아서 집에서 간단한 간식을 만들어 보았다.,0
해,오늘은 날씨가 맑아서 해가 아주 밝게 빛나고 있다.,1
해,여름에 바닷가에서 해를 너무 많이 쬐면 피부가 타기 쉽다.,1
해,저녁이 되면 해가 서서히 지면서 하늘이 아름다운 색으로 물든다.,1
해,"해가 뜨기 전, 새벽 공기가 상쾌해서 조깅하기 좋은 시간이다.",1
해,해가 높이 떠 있을 때 가장 뜨거운 기온을 기록한다.,1
해,해가 지는 시간에는 하늘에 붉은 해가 지평선 너머로 사라진다.,1
해,가끔은 해의 위치에 따라 그림자가 길게 드리워져 경치가 달라 보인다.,1
별,밤하늘을 바라보다가 별똥별이 빠르게 지나가는 모습을 보며 소원을 빌었다.,0
별,별똥별이 떨어지는 것을 보기 위해 친구들과 함께 야외로 나가서 하늘을 관찰했다.,0
별,캠핑을 하면서 별똥별이 떨어지는 장관을 감상하며 행복한 시간을 보냈다.,0
별,밤하늘에 수많은 별이 반짝이고 있어서 정말 아름다웠다.,1
별,별빛이 창문을 통해 방 안으로 들어와서 은은한 분위기를 만들어 주었다.,1
별,이번 여름 캠프에서는 별자리를 관찰하며 별자리에 대해 자세히 배웠다.,1
별,그는 친구들 사이에서 별명이 ‘유령’이라고 불리며 재미있는 사람으로 알려져 있다.,0
별,추가적인 비용이 발생하는 별도 서비스는 예약 시 미리 확인해야 한다.,0
별,호텔의 별관에서 조용하게 휴식을 취하며 편안한 시간을 보냈다.,0
별,별관계에 대한 연구를 통해 별들이 어떻게 서로 영향을 미치는지 알 수 있다.,1
별,유명한 작가가 별세하여 문학계에 큰 공백이 생겼다.,0
별,가족과 함께 여름휴가를 보내기 위해 바닷가에 있는 별장을 예약했다.,0
별,별급 호텔에서의 숙박은 고급스러운 서비스와 편안함을 제공한다.,0
별,별별 맛집을 돌아다니며 다양한 음식을 맛보는 것이 여행의 즐거움 중 하나다.,0
별,별별 고민이 많아도 친구와 함께 이야기하면 마음이 훨씬 가벼워진다.,0
별,별이 총총히 박힌 밤하늘을 보며 소중한 사람과 함께 시간을 보내는 것이 좋다.,1
별,천문대에서 별의 위치와 특징에 대해 배울 수 있는 기회를 가졌다.,1
별,별의 밝기와 색깔을 관찰하는 것은 천체 관측의 중요한 부분이다.,1
비,숲속의 작은 연못에서 비버가 나무를 갉아내고 있는 모습을 보았다.,0
비,비버의 건축 기술 덕분에 연못의 물이 잘 유지된다.,0
비,공원에서 비둘기들이 모여 있는 모습을 보며 평화로운 분위기를 느꼈다.,0
비,도심 속에서 비둘기에게 먹이를 주는 것은 많은 사람들에게 즐거움을 준다.,0
비,꽃밭에서 나비가 날아다니며 아름다운 색깔의 날개를 펼쳤다.,0
비,나비는 계절에 따라 색상과 종류가 달라져서 관찰하는 재미가 있다.,0
비,하늘을 가로지르는 비행기를 보면서 먼 곳으로 여행을 떠나고 싶었다.,0
비,비행기 탑승 전 보안 검색을 통과하는 절차는 매우 중요하다.,0
비,비행접시를 테마로 한 영화는 외계인의 모험을 흥미진진하게 그렸다.,0
비,밤하늘에서 비행 접시를 본 사람들의 이야기는 신비롭고 신화적인 느낌을 준다.,0
비,학교 운동회에서 럭비 경기를 하면서 팀워크의 중요성을 배웠다.,0
비,"럭비는 몸을 많이 쓰는 스포츠로, 강한 체력과 전략이 필요하다.",0
비,저녁 식사 후에 가족과 함께 텔레비전을 보며 편안한 시간을 보냈다.,0
비,티비의 화면이 깨져서 수리점에 가서 수리해야 했다.,0
비,오래된 비디오에서 가족 여행의 추억이 담긴 영상을 찾아보았다.,0
비,비디오테이프를 재생하려면 VCR이 필요하여 어딘가에서 찾아야 했다.,0
비,손을 씻기 위해 깨끗한 비누를 사용하고 나서 기분이 상쾌해졌다.,0
비,비누의 향기가 방 안에 퍼져서 기분이 좋았다.,0
비,비즈니스 회의를 위해 프레젠테이션 자료를 철저히 준비했다.,0
비,새로운 프로젝트를 진행하기 위해 예상 비용을 정확히 계산해 보았다.,0
비,갑작스러운 비상 상황에 대비하여 응급키트를 항상 준비해 두어야 한다.,0
비,친구의 비밀을 지켜주는 것이 진정한 우정의 중요한 부분이다.,0
비,조용한 공원에 세워진 비석은 지역 사회의 역사와 추억을 간직하고 있다.,0
비,한식당에서 매콤한 비빔밥을 먹으며 맛있는 점심을 즐겼다.,0
비,공직에서 비리가 발견되면 철저한 조사와 처벌이 필요하다.,0
비,투자 수익은 자본금에 비례하여 증가하므로 신중하게 계획해야 한다.,0
비,해변에서 비치 파라솔을 펼치고 시원한 바다를 즐겼다.,0
비,비가 오기 시작하자 우산을 챙겨야겠다고 생각했다.,1
비,오늘 하루 종일 비가 내려서 길이 많이 미끄럽다.,1
비,"비가 내리던 저녁, 따뜻한 차 한 잔이 특히 맛있었다.",1
비,봄철에는 비가 자주 내리며 식물들이 잘 자랄 수 있도록 도와준다.,1
비,비가 그치자 공원에서 파란 하늘과 함께 상쾌한 공기를 느낄 수 있었다.,1
비,비가 많이 내려서 강물이 불어나고 홍수 경고가 발령되었다.,1
비,"비가 오던 날, 집에서 영화나 책을 읽으며 편안한 시간을 보냈다.",1
비,오늘은 햇살이 너무 강하게 비췄다.,0
비,방이 너무 비좁아서 다들 앉는 자리가 부족했다.,0
비,친구랑 가위바위보를 했는데 둘 다 가위를 내서 비겼다.,0
비,복도를 지나다가 앞에 친구랑 부딪힐까봐 먼저 비켜주었다.,0
비,하늘에서 내리는 작은 물방울들이 비처럼 쏟아져서 도로가 금세 젖어버렸다.,1
비,"아침에 비를 맞으면서 학교에 가는데, 우산이 없어서 조금 불편했다.",1
비,갑자기 내린 비를 피해 옆에 있는 카페로 들어가서 잠시 기다렸다.,1
눈,책을 읽으면서 작은 글씨가 잘 안 보이길래 안경을 끼고 눈을 가늘게 뜨게 되었다.,0
눈,감동적인 영화의 마지막 장면을 보면서 눈에서 눈물이 저절로 흘렀다.,0
눈,겨울 방학 동안 친구들과 함께 공원에서 큰 눈사람을 만들었다.,0
눈,첫 눈이 내리자마자 아이들은 신나서 밖에서 눈놀이를 시작했다.,1
눈,창문에 눈꽃이 피어나는 모습을 보면서 겨울이 오고 있음을 실감했다.,1
눈,눈가의 주름이 신경 쓰여서 최근에 스킨케어를 열심히 하고 있다.,0
눈,영화에서 주인공이 놀랄 때 눈썹이 위로 올라가는 장면이 인상적이었다.,0
눈,감기와 함께 눈병이 생겨서 병원에 가서 치료를 받았다.,0
눈,그 아이는 진지한 눈빛으로 대답하며 중요한 결정을 내렸다.,0
눈,동물원에서 눈알이 크고 둥근 동물을 보니 신기하고 귀여웠다.,0
눈,하늘에서 눈송이가 조용히 떨어지는 모습을 보면서 마음이 평화로워졌다.,0
눈,눈이 피곤해서 잠시 눈을 감고 쉬기로 했다.,0
눈,강렬한 햇빛 때문에 눈이 부셔서 선글라스를 껴야 했다.,0
눈,친구의 얼굴을 자세히 보려고 눈을 크게 뜨고 가까이 갔다.,0
눈,그의 눈에는 진심이 가득 담겨 있어 말하지 않아도 마음이 전해졌다.,0
눈,"겨울이 되면 눈이 많이 내리고, 우리 가족은 함께 스키를 타러 간다.",1
눈,눈이 쌓인 길을 걸으며 아이들은 신나서 눈싸움을 했다.,1
눈,"첫 눈이 내리는 날, 집 안에서 따뜻한 코코아를 마시며 창밖을 바라봤다.",1
눈,산책하면서 눈 위에 남긴 발자국들을 보고 누가 먼저 왔는지 알아보는 재미가 있었다.,1
눈,친구가 감동적인 이야기를 들으며 눈가에 눈물이 맺히는 것을 보았다.,0
눈,그녀는 중요한 발표를 앞두고 자신감 있는 눈빛으로 무대에 섰다.,0
눈,동물원의 올빼미는 큰 눈알로 주변을 빠르게 살피고 있었다.,0
눈,영화의 감동적인 장면에서 눈물이 절로 흘러서 티슈를 찾았다.,0
눈,하늘에서 내리는 눈으로 덮인 거리를 걸으며 아름다운 겨울 풍경을 즐겼다.,1
눈,학교 운동장에서 눈으로 가득한 잔디밭에서 눈싸움을 했다.,1
눈,"겨울철에 눈을 보고 나면, 마치 세상이 마법에 걸린 듯한 기분이 든다.",1
눈,눈을 높게 쌓아 눈성을 멋지게 완성되자 친구들과 함께 사진을 찍었다.,1
불,캠핑장에서 불을 피우며 친구들과 함께 맛있는 마시멜로를 구워 먹었다.,1
불,저녁에 집에서 불을 끄고 조용한 음악을 들으면서 휴식을 취했다.,1
불,새해를 맞이하여 불꽃놀이를 보러 친구들과 함께 야경을 즐겼다.,0
불,축제에서 불꽃 놀이가 시작되자 모두가 환호하며 하늘을 바라보았다.,0
불,불꽃이 하늘에서 화려하게 터지는 모습에 모두가 감탄했다.,0
불,가을 축제에서 불꽃이 춤추듯 하늘을 가득 채우며 멋진 장관을 연출했다.,0
불,밤하늘을 수놓은 불꽃이 축제의 분위기를 더욱 특별하게 만들어 주었다.,0
불,어두운 길을 걸을 때 불빛이 비추는 방향으로 안전하게 길을 찾았다.,0
불,모닥불이 꺼지지 않도록 불씨를 잘 관리하면서 밤새 따뜻하게 지냈다.,1
불,시험 전날 불안한 마음에 제대로 잠을 잘 수 없었다.,0
불,"그 소식을 들었을 때, 마음이 불행해지고 기운이 빠졌다.",0
불,오래된 나무가 불타고 있다고 해서 모두가 안전한 거리로 대피했다.,1
불,이 의자는 앉을 때 불편해서 새로운 의자를 사기로 결정했다.,0
불,불법 주차를 하지 않기 위해 항상 지정된 주차 구역에 주차한다.,0
불,이 문제는 현재 기술로는 불가해서 해결할 방법을 찾기 어렵다.,0
불,학교 규칙을 어기면 불이익을 받을 수 있으니 항상 규칙을 잘 지켜야 한다.,0
불,그 예술 작품의 아름다움은 불가사이해서 한 번 보면 계속 기억에 남는다.,0
불,야외에서 요리를 하려면 안전하게 불을 붙여야 한다.,1
불,그 지역의 역사적인 사건은 많은 사람들에게 여전히 불명이다.,0
불,케이크에 초를 꽂고 초에 불을 붙였다.,1
불,불빛이 어두운 골목길을 밝혀 주어서 안전하게 집까지 걸어갈 수 있었다.,0
불,겨울철에는 난방을 위해 벽난로에 불을 지피고 따뜻한 시간을 보낸다.,1
불,소방관들이 화재 현장에서 불을 빠르게 진압하기 위해 열심히 노력하고 있다.,1
불,가끔 주방에서 요리할 때 불이 너무 세서 음식이 탈 뻔한 적이 있다.,1
불,불을 안전하게 지피기 위해 모닥불 주변에 불씨가 날아가지 않도록 조심해야 한다.,1
불,불씨가 갑자기 튀어서 깜짝 놀랐다.,1
물,동물원에서 물개가 재미있게 공을 튕기며 놀고 있어서 많은 사람들이 구경하고 있었다.,0
물,"바닷가에서 물개를 발견하고, 그 귀여운 모습에 모두가 감탄했다.",0
물,수족관에서 다양한 종류의 물고기를 보면서 신기하고 재미있는 시간을 보냈다.,0
물,"낚시를 하러 간 날, 큰 물고기를 잡아서 가족들과 함께 맛있게 구워 먹었다.",0
물,실험실에서 현미경으로 미생물을 관찰하며 과학의 신비를 느꼈다.,0
물,미생물들이 생태계에서 중요한 역할을 한다는 것을 배웠다.,0
물,더운 날씨에 시원한 물을 마시니 갈증이 해소되고 기분이 좋아졌다.,1
물,비가 많이 와서 강에 물이 넘쳐서 주변 도로가 침수되었다.,1
물,생일에 친구가 예쁜 선물을 주어서 정말 기뻤다.,0
물,크리스마스에 가족들에게 선물을 준비하면서 모두의 좋아할 모습이 기대되었다.,0
물,여름에 친구들과 함께 물총 싸움을 하며 신나게 놀았다.,1
물,공원에서 아이들이 물총을 가지고 뛰어놀면서 즐거운 시간을 보냈다.,1
물,학교 사물함에 중요한 물건을 보관하기 위해 자물쇠를 잠갔다.,0
물,자전거를 외부에 두고 자물쇠를 걸어 안전하게 보호했다.,0
물,더운 여름날에는 물을 자주 마셔야 탈수를 예방할 수 있다.,1
물,정원에 물을 주면서 식물들이 건강하게 자라는 모습을 볼 수 있었다.,1
물,길을 걷다가 길가에 놓인 물이 담긴 병을 발견하고 목이 마를 때 마셨다.,1
물,수영장에서 시원한 물에 몸을 담그고 나니 더위가 한결 가셨다.,1
물,"캠핑을 할 때는 식수를 충분히 준비해야 하고, 물을 깨끗하게 정수해서 사용해야 한다.",1
물,아침에 일어나자마자 차가운 물로 얼굴을 씻으니 상쾌하게 하루를 시작할 수 있었다.,1
물,운동을 마친 후에는 항상 물병에 담긴 시원한 물을 마셔서 갈증을 해소한다.,1
물,수업 중에 물병을 책상 위에 두어 필요할 때 쉽게 마실 수 있도록 했다.,1
물,강에서 물속을 들여다보니 작은 물고기들이 헤엄치는 모습이 보였다.,1
물,여름에 수영장에 들어가서 물속에서 자유롭게 떠다니며 놀았다.,1
물,폭포에서 떨어지는 물줄기를 보고 자연의 경이로움을 느꼈다.,1
물,가족과 함께 물가에서 소풍을 즐기며 시원한 바람과 파도 소리를 들었다.,1
물,아침 일찍 공원에 가니 공원 전체가 물안개로 덮여 있어 몽환적인 분위기를 자아냈다.,1
물,물안개 속에서 흐릿하게 보이는 풍경이 신비롭고 아름다웠다.,1
물,여름철에는 날씨가 너무 더워서 물주기를 자주 해야 한다.,1
물,산책을 하다가 풀밭에서 벌레에 물리다고 해서 가려움증이 심해졌다.,0
물,친구가 갑자기 벌에 물리다고 해서 얼른 응급처치를 해 주었다.,0
물,책상 위에 어지러진 물건들을 정리하고 나니 깔끔해졌다.,0
물,여행 가방에 필요한 물건을 열심히 넣었다.,0
물,"여행지에서 길을 잃었을 때, 현지 사람에게 물어보다 정확한 위치를 알게 되었다.",0
물,다양한 물질들이 서로 반응할 때 어떻게 변화하는지 연구하는 것이 흥미롭다.,0
물,화학 실험에서 물질의 성질을 정확히 분석하여 실험 결과를 기록했다.,0
물,학교에서 물리학을 배우며 물체의 운동과 힘에 대해 더 깊이 이해할 수 있었다.,0
물,물리학 실험을 통해 다양한 과학 원리를 실제로 확인해보는 시간이 재미있었다.,0
연,명절에는 가족과 함께 연을 날리며 즐거운 시간을 보냈다.,1
연,새해를 맞이하기 위해 정원에서 연을 만들어 하늘 높이 날렸다.,1
연,여름에 연못에서 피어난 연꽃이 너무 아름다워서 사진을 찍었다.,0
연,연꽃이 만개한 정원을 산책하면서 자연의 아름다움을 감상했다.,0
연,수업 중에 연필로 열심히 필기하면서 중요한 내용을 메모했다.,0
연,여름날 연못에서 피어난 연꽃이 바람에 살랑이며 아름답게 보였다.,0
연,학교에서 연극을 준비하느라 친구들과 연습을 많이 했다.,0
연,이번 주말에는 유명한 연극을 보러 가기로 했다.,0
연,그림을 그릴 때는 항상 연필로 스케치를 시작한다.,0
연,연습실에서 연기를 잘 하기 위해 계속 노력하고 있다.,0
연,가스레인지에서 나오는 연기 때문에 창문을 열어 환기시켰다.,0
연,연못가에서 가족과 함께 소풍을 하며 물속에서 헤엄치는 물고기를 보았다.,0
연,가을에 연못에 떠 있는 나뭇잎들이 멋진 풍경을 만들어 주었다.,0
연,음악회에서 피아노 연주를 들으며 감동적인 시간을 보냈다.,0
연,친구가 방과 후 연주하는 밴드의 공연을 보러 갔다.,0
연,영화관에서 연인과 함께 손을 잡고 영화를 보는 것이 좋았다.,0
연,그 사건은 1990 연도에 일어난 일이다.,0
연,학교에서 이 연도의 활동 계획을 세우고 있다.,0
연,매일 같은 시간에 피아노 연습을 하며 실력을 키우고 있다.,0
연,축구팀은 중요한 경기를 앞두고 열심히 연습하고 있다.,0
연,이 건물은 19세기 연대에 지어진 것으로 알려져 있다.,0
연,두 나라 간의 군사 연대가 강화되었다는 소식이 들렸다.,0
연,유명한 연기자가 새로 나온 드라마에 출연한다는 소식을 들었다.,0
연,그 문제와 관련된 정보를 찾으려면 연관된 자료를 조사해야 한다.,0
연,사건의 연관성을 분석하여 원인을 파악하려고 한다.,0
연,중요한 숙제의 마감일을 연장하기 위해 선생님에게 요청했다.,0
연,학교에서는 여름 방학을 연장해 주어서 더 많은 시간을 휴식할 수 있었다.,0
연,혼식 연회에서 맛있는 음식과 함께 축하의 시간을 즐겼다.,0
연,"학교 운동회에서 연 날리기 대회가 열려, 많은 학생들이 참가하여 즐거운 시간을 보냈다.",1
연,"바람이 강한 날, 하늘에서 연이 자유롭게 날아가는 모습을 보는 것이 정말 기분 좋다.",1
연,공원에서 친구들과 함께 연을 만들며 즐거운 시간을 보냈다.,1
연,"새해 첫날, 우리는 하늘에 연을 띄우며 새해의 소망을 기원했다.",1
연,색깔이 화려한 연이 하늘을 가로질러 날아가는 모습을 보니 신기하고 아름다웠다.,1
연,"어린 시절, 할아버지와 함께 만든 연을 하늘 높이 날리면서 많은 추억을 쌓았다.",1
실,친구와 함께 실로 만든 공예 작품을 교실에 전시했다.,1
실,"바느질을 할 때, 실이 엉키지 않도록 조심해야 한다.",1
실,과학 수업에서 실험실에서 다양한 실험을 진행하며 과학 원리를 배웠다.,0
실,실험실에서 새로운 화학 물질을 사용하여 실험하는 것이 흥미로웠다.,0
실,시험 결과가 기대보다 낮아서 정말 실망했다.,0
실,친구가 약속을 잊어서 실망했다고 털어놓으며 속상한 마음을 나누었다.,0
실,바느질할 때는 실의 색깔과 두께가 맞아야 예쁘게 완성된다.,1
실,친구가 선물로 준 실로 손수건을 만들어서 아주 기쁘다.,1
실,비가 와서 실내에서 영화를 보며 하루를 보내기로 했다.,0
실,실외에서 캠핑을 하면서 자연을 만끽하는 것이 너무 좋았다.,0
실,실크 소재의 스카프를 선물로 받아서 매우 고급스러워 보였다.,0
실,실크로 만든 옷은 부드럽고 편안하여 특별한 날에 입기 좋다.,0
실,책에서 배운 내용이 실제로 적용될 때 더욱 흥미롭다.,0
실,영화 속 장면과 실제 상황이 많이 다를 때가 있다.,0
실,"첫 번째 시도는 실패했지만, 계속 노력하면 성공할 수 있을 것이다.",0
실,축구 시합에서 팀의 실력이 좋아서 우승할 수 있었다.,0
실,연습을 많이 해서 실력이 향상된 것을 느꼈다.,0
실,가격이 저렴하면서도 품질이 좋은 물건을 사는 것이 실속 있는 쇼핑이다.,0
실,이번 여행에서 실속 있는 계획을 세워 비용을 절약할 수 있었다.,0
실,그 소식은 실로 놀라운 일이어서 모두가 놀라움을 감추지 못했다.,0
실,이 문제를 해결한 것은 실로 큰 성과라며 모두가 기뻐했다.,0
실,아이디어를 실제화하기 위해서는 철저한 계획과 실행이 필요하다.,0
실,연구 결과를 실제화하려면 많은 시간과 노력이 필요하다.,0
실,이론보다는 실제적인 문제 해결 방법을 배우는 것이 더 유용하다.,0
실,목표를 달성하기 위해서는 계획한 대로 실천하는 것이 중요하다.,0
실,환경 보호를 위해 매일 작은 것부터 실천하려고 한다.,0
실,중요한 발표를 위해 준비한 내용을 실행하며 자신감을 갖기 위해 연습했다.,0
실,"실행 계획을 세운 후, 매일 조금씩 목표를 달성하기 위해 노력했다.",0
실,여름방학 계획을 세워 그 계획을 실행했다.,0
실,실로 만든 수세미는 부드럽고 세척력이 뛰어나서 매우 유용하다.,1
실,엄마는 실로 손수건을 정성껏 만들어 주셨다.,1
실,친구가 직접 실로 짠 스카프를 선물해 주어서 감동했다.,1
실,새로 산 실로 블라우스를 수선하니 훨씬 더 깔끔해졌다.,1
실,실이 끊어져서 바느질이 중단된 부분을 다시 시작해야 했다.,1
실,바느질할 때 실이 엉키지 않도록 조심해야 한다.,1
종,새로운 노트를 사면서 예쁜 종이로 된 표지를 고르는 것이 즐거웠다.,0
종,다양한 종교가 공존하는 나라에서 서로 다른 문화를 경험할 수 있었다.,0
종,카페에서 커피를 사면서 종이컵을 사용해 편리하게 음료를 마셨다.,0
종,교회에서 울리는 종 소리가 평화로운 아침을 알렸다.,1
종,미술 시간에 종이접기를 하며 다양한 동물 모양을 만들어 보았다.,0
종,포장할 때 종이테이프를 사용하여 선물의 포장을 깔끔하게 마무리했다.,0
종,이 보고서는 프로젝트의 결과를 종합적으로 분석하여 작성되었다.,0
종,그 회사는 본사의 종속 하에 운영되며 정책을 따르기로 했다.,0
종,건강 검진을 받기 위해 근처 종합병원에 방문했다.,0
종,레스토랑에서 친절한 종업원이 빠르게 주문을 받아주었다.,0
종,시장에서는 다양한 종류의 과일을 만나볼 수 있어 선택이 즐거웠다.,0
종,정원에 새로운 꽃을 심기 위해 다양한 종자를 준비했다.,0
종,학교 운동장에서 친구들과 함께 종이비행기를 날리며 재미있게 놀았다.,0
종,선물을 포장하기 위해 큰 종이 상자에 담아서 주었다.,0
종,방학 동안 읽을 종이책을 여러 권 사서 읽는 것이 기대된다.,0
종,학교에서 수업이 시작되기 전에 종이 울리며 학생들이 교실로 들어갔다.,1
종,교회에서 종이 울리는 소리가 멀리까지 들려 평화로운 분위기를 만들어 주었다.,1
종,상점의 문에 달려 있는 종이 손님이 들어올 때마다 조용히 소리를 냈다.,1
종,축제에서 사람들의 관심을 끌기 위해 종을 크게 울리며 행사를 알렸다.,1
종,저녁 시간이 되자 집의 문 앞에 걸린 종이 저녁 식사를 알리는 소리를 냈다.,1
종,집에서 나가면서 문 옆에 있는 작은 종을 조심스럽게 울려 다른 가족들에게 알렸다.,1
종,복도에서 친구와 대화를 하다가 수업종이 울려서 급하게 교실로 들어갔다.,1
북,"북극곰은 차가운 얼음 위에서 생활하며, 두꺼운 털로 몸을 따뜻하게 해요.",0
북,나는 다큐멘터리에서 북극곰이 사냥하는 모습을 보고 신기했어요.,0
북,"거북이는 천천히 걸어가지만, 꾸준히 가면 언젠가 목적지에 도착할 거예요.",0
북,나는 물속에서 헤엄치는 거북이를 보고 싶어서 아쿠아리움에 갔어요.,0
북,음악 시간에 선생님이 북을 치는 방법을 가르쳐 주셨어요.,1
북,나는 큰 북 소리가 나면 마음이 두근두근해요.,1
북,노트북으로 영화를 보니 정말 재미있었어요.,0
북,나는 오늘 노트북으로 학교 과제를 했어요.,0
북,뉴스에서 북한의 날씨를 보니 눈이 많이 내리고 있었어요.,0
북,학교에서 북한에 대해 배우면서 남북한의 차이에 대해 알게 되었어요.,0
북,우리 집 창문에서 북쪽을 보면 멋진 산이 보여요.,0
북,지도에서 북쪽을 찾아보니 우리가 갈 곳이 멀지 않아서 기뻤어요.,0
북,북극은 겨울에 밤이 길고 낮이 짧아요.,0
북,나는 맑은 날 밤하늘에서 북두칠성을 쉽게 찾을 수 있어요.,0
북,"북극해는 두꺼운 얼음으로 덮여 있으며, 많은 해양 생물이 살고 있어요.",0
북,항해사들은 옛날에 북극성을 보고 방향을 잡았어요.,0
북,북방 지역은 겨울에 눈이 많이 내리고 매우 추워요.,0
북,북반구에서는 여름에 낮이 길고 겨울에 밤이 길어요.,0
북,"북경은 중국의 수도로, 역사적인 명소가 많아요.",0
북,"북태평양은 거대한 바다로, 많은 섬나라들이 위치해 있어요.",0
북,북유럽 국가들은 추운 기후와 아름다운 자연경관으로 유명해요.,0
북,나는 축제에서 커다란 북 소리를 듣고 흥이 났어요.,1
북,음악 시간에 친구들이 함께 북을 두드리며 연주했어요.,1
북,북을 치는 리듬에 맞춰 사람들이 춤을 추기 시작했어요.,1
북,전통 음악 공연에서 멋진 북 연주를 감상했어요.,1
북,나는 북을 두드릴 때마다 손에 진동이 느껴져서 신기했어요.,1
북,행진 중에 북을 치는 소리가 점점 크게 들려왔어요.,1
북,축구 경기 응원단이 북을 치며 팀을 응원했어요.,1
북,어린이날 행사에서 아이들이 작은 북을 두드리며 놀이를 즐겼어요.,1
북,공연에서 드러머가 북을 힘차게 치며 무대를 압도했어요.,1
책,회의에서 맡은 일에 대해 책임을 다해야 한다.,0
책,잘못된 결정에 대한 책임은 결국 나에게 돌아왔다.,0
책,부모는 자녀의 행동에 대해 일정 부분 책임이 있다.,0
책,그는 상대 팀의 허점을 파고드는 책략을 사용해 경기를 이겼다.,0
책,정치인들이 선거에서 이기기 위해 다양한 책략을 구사했다.,0
책,정부는 새로운 경제 정책을 발표해 국민들의 관심을 끌었다.,0
책,환경 보호 정책은 우리가 지구를 지키는 데 중요한 역할을 한다.,0
책,상황이 악화되자 그는 궁책으로 위험한 결정을 내렸다.,0
책,궁책에 몰린 왕은 결국 항복을 선택할 수밖에 없었다.,0
책,선생님께 책망을 들은 후 그는 고개를 숙였다.,0
책,친구에게 거짓말을 해서 책망을 받았다.,0
책,필책으로 꼽히는 전략 덕분에 전투에서 승리했다.,0
책,필책을 내세운 장군은 적군을 효과적으로 무찔렀다.,0
책,책사는 왕에게 중요한 조언을 아끼지 않았다.,0
책,책사의 전략 덕분에 나라가 위기에서 벗어났다.,0
책,나는 새로 산 책상을 내 방에 놓았다.,0
책,책장을 정리하다가 오랫동안 잊고 있던 책을 발견했다.,1
책,내 방과 어울리는 노란색 책꽂이를 샀다,1
책,책갈피를 사용해서 내가 읽던 페이지를 표시했다.,1
책,책벌레가 책 속에 들어가서 깜짝 놀랐다.,1
책,새로운 책가방을 사서 학교에 다니기 더 편해졌다.,0
책,주말에 동네 책방에 가서 재미있는 책을 찾았다.,1
책,책무를 잘 수행하기 위해 열심히 공부했다.,0
책,책받침에 그림이 그려져 있어서 재미있게 공부할 수 있었다.,0
책,나는 학교에서 읽기 숙제를 위해 책을 빌렸다.,1
책,엄마가 새로 사온 책을 보니 표지가 아주 예뻐요.,1
책,책 속에서 나오는 이야기가 너무 재미있어서 한 번에 다 읽었어요.,1
책,도서관에서 찾은 책이 아주 유익해서 친구들에게 추천해 주었어요.,1
책,내 방에 있는 책들은 모두 책장에 정리해 놓았어요.,1
책,주말에는 책을 읽으며 편안한 시간을 보냈어요.,1
책,수업 중에 공책에 중요한 내용을 열심히 적었어요.,1
책,학교에서 수업 시간에 공책에 필기한 내용이 시험 준비에 많은 도움이 되었어요.,1
펜,볼펜으로 글씨를 쓰니 매우 편리했어요.,1
펜,시험 준비할 때 볼펜을 사용해 중요한 부분을 표시했어요.,1
펜,펜촉이 부러져서 새로 교체해야 했어요.,1
펜,펜촉이 너무 뾰족해서 손에 상처가 날 뻔했어요.,1
펜,색깔이 다양한 마커펜으로 그림을 그려 보았어요.,1
펜,학교 프로젝트에서 마커펜을 사용해 자료를 정리했어요.,1
펜,터치펜을 사용해 태블릿에서 그림을 그렸어요.,1
펜,수업 중 터치펜으로 디지털 노트를 작성했어요.,1
펜,펜대에 이름을 새기면 누가 잃어버려도 쉽게 찾을 수 있어요.,1
펜,펜대가 금속으로 되어 있어 오래 사용할 수 있을 것 같아요.,1
펜,책상 위의 펜홀더가 정리되어 있어서 편리해요.,1
펜,펜슬로 스케치를 하고 색칠을 했어요.,1
펜,잉크펜으로 서명을 하니 문서가 더 공식적으로 보였어요.,1
펜,주말에 가족과 함께 바닷가 근처의 펜션에 갔어요.,0
펜,펜션에서 아침 식사를 하며 멋진 경치를 즐겼어요.,0
펜,새로 이사 간 건물의 펜트하우스에서 서울 시내를 한눈에 볼 수 있었어요.,0
펜,친구의 생일 파티를 펜트하우스에서 열어서 멋진 시간을 보냈어요.,0
펜,정원을 꾸미기 위해 예쁜 펜스를 설치했어요.,0
펜,펜스가 있는 곳에서 강아지가 마음껏 뛰어놀 수 있어요.,0
펜,집 벽에 펜넬을 설치해 그림을 걸어두었어요.,0
펜,새로운 펜넬에 사진을 붙여서 방을 장식했어요.,0
펜,정원에 펜지를 심어서 화사한 색깔로 꾸몄어요.,0
펜,봄이 되면 펜지가 만개하여 꽃밭이 아름다워요.,0
펜,학교에서 펜으로 중요한 내용을 노트에 적었어요.,1
펜,생일 선물로 예쁜 펜을 받아서 기분이 좋았어요.,1
펜,친구와 함께 펜을 교환하며 재미있는 이야기를 나누었어요.,1
펜,펜데믹으로 인해 많은 사람들이 집에서 원격으로 일을 하게 되었다.,0
펜,펜데믹동안 우리는 마스크를 착용하고 손을 자주 씻는 것이 중요하다는 것을 배웠다.,0
붓,붓기가 가라앉을 때까지 기다려야 했어요.,0
붓,오래 서 있으면 다리가 붓는다는 걸 느꼈어요.,0
붓,물을 붓다가 컵이 가득 차서 넘칠 뻔했어요.,0
붓,다친 부위가 계속 붓다 보니 빨리 병원에 갔다.,0
붓,감기에 걸려서 코가 많이 붓고 아팠어요.,0
붓,새로 산 신발을 신고 걸으니 발이 많이 붓다.,0
붓,운동 후에 발목의 붓기 때문에 발을 쉬게 하고 얼음찜질을 했어요.,0
붓,친구가 내 생일 축하를 위해 붓으로 직접 쓴 카드와 함께 축하 메시지를 전해줘서 정말 기뻤어요.,1
붓,장시간 서 있으면 발이 붓기 때문에 편안한 신발을 신는 것이 중요해요.,0
붓,부상 때문에 손목이 붓고 움직이기 어려웠어요.,0
붓,그림을 그릴 때 붓으로 세밀한 부분을 다듬었어요.,1
붓,"수채화 작업을 할 때, 다양한 크기의 붓을 사용해야 해요.",1
붓,아이는 물감이 묻은 붓으로 종이에 그림을 그리는 것을 좋아해요.,1
붓,화가가 붓을 이용해 아름다운 풍경을 그렸어요.,1
붓,화가는 여러 종류의 붓을 가지고 다니며 작업을 했어요.,1
붓,"그림을 완성한 후, 붓에 남은 물감이 마음에 들지 않았어요.",1
붓,붓에 물감을 잘 묻혀서 고르게 색칠을 시작했어요.,1
자,사자는 동물원에서 가장 인기가 많은 동물 중 하나예요.,0
자,야자수 아래서 시원한 바람을 느끼며 쉬었어요.,0
자,저녁으로 감자를 구워서 맛있게 먹었어요.,0
자,감자튀김을 먹으면서 영화를 보니 정말 즐거웠어요.,0
자,피자를 시켜서 친구들과 함께 파티를 했어요.,0
자,자유의 여신상은 뉴욕의 상징적인 관광 명소예요.,0
자,오늘 자전거를 타고 공원에 다녀왔어요.,0
자,새로운 모자를 사서 외출할 때 쓰기 좋아요.,0
자,공부할 때 자를 사용해 정확한 선을 그렸어요.,1
자,삼각자를 사용하여 각도를 정확히 측정했어요.,1
자,문을 잠그기 위해 자물쇠를 잘 채워야 해요.,0
자,냉장고에 붙은 자석으로 사진을 고정했어요.,0
자,의자에 앉아서 편안하게 책을 읽었어요.,0
자,빗자루로 바닥을 쓸어 깨끗하게 청소했어요.,0
자,오늘은 친구랑 자전거를 타고 놀았다.,0
자,엄마가 나에게 맛있는 자두를 주셨다.,0
자,학교에서 자석을 이용한 실험을 했다.,0
자,내일은 일찍 일어나자고 다짐했다.,0
자,집에 돌아오자마자 손을 씻었다.,0
자,나는 자주 가는 공원에서 산책을 했다.,0
자,방을 깨끗이 정리하고 자러 갔다.,0
자,오늘은 자습 시간에 책을 많이 읽었다.,0
자,형이랑 같이 자장면을 먹으러 갔다.,0
자,선생님이 자주 하시는 말씀을 기억했다.,0
자,오늘은 새로운 자격증 공부를 시작했다.,0
자,집에 와서 숙제를 끝내고 자판을 두드리며 게임을 했다.,0
자,동생이랑 자주 가는 카페에서 음료를 마셨다.,0
자,내가 가장 좋아하는 과일은 자몽이다.,0
자,밤이 되자 별이 하나둘씩 보였다.,0
자,오늘도 열심히 공부하자고 결심했다.,0
자,자갈길을 걸으면서 친구랑 이야기를 나눴다.,0
자,친구가 준 자랑스러운 선물을 자랑했다.,0
자,자리에 앉자마자 책을 꺼내 읽었다.,0
자,동생이 자꾸 내 방에 들어와서 조금 짜증이 났다.,0
자,친구가 자장가를 불러줘서 빨리 잠들었다.,0
자,우리는 환경을 보호하기 위해 자원을 아껴 써야 한다.,0
자,학교 앞에 새로 생긴 자판기에서 음료수를 뽑았다.,0
자,나는 어른이 되면 자립해서 혼자 살고 싶다.,0
자,방학 동안 친구들과 함께 자원봉사를 다녀왔다.,0
자,나무가 봄이 되자 더 크게 자라기 시작했다.,0
자,형은 대학교에 다니면서 자취하고 있다.,0
자,경찰서에 범인이 스스로 자수했다.,0
자,나는 처음 만난 친구들과도 자연스럽게 대화를 나눴다.,0
자,가족들과 함께 산에 올라가서 아름다운 자연을 감상했다.,0
자,오늘 수업 시간에 선생님이 자로 길이를 재는 방법을 가르쳐 주셨다.,1
자,친구가 자를 빌려 달라고 해서 빌려줬다.,1
자,나는 자를 사용해 책상 위에 있는 물건들의 길이를 쟀다.,1
자,수학 문제를 풀 때 직선을 그리려고 자를 꺼냈다.,1
자,자로 선을 곧게 그리니까 그림이 훨씬 예뻐졌다.,1
자,책상 서랍 안에 있는 자가 어디 갔는지 찾을 수가 없었다.,1
자,나는 자를 사용해서 공책의 여백을 정확하게 맞췄다.,1
톱,내가 좋아하는 가수가 이번 주 음악 순위에서 톱을 차지했다.,0
톱,친구가 반에서 성적 톱을 놓치지 않았다.,0
톱,요즘 가장 인기 있는 드라마가 시청률 톱을 기록하고 있다.,0
톱,그 배우는 영화계에서 언제나 톱의 자리를 지킨다.,0
톱,톱 모델이 무대 위에서 멋지게 걸었다.,0
톱,오늘 체육 시간에 선생님이 스톱워치로 우리 달리기 시간을 재주셨다.,0
톱,나는 공부할 때 스톱워치를 켜서 시간을 관리하며 집중했다.,0
톱,친구와 스톱 워치를 이용해 누가 더 빨리 퍼즐을 맞추는지 대결했다.,0
톱,아빠는 정원에서 나무를 자르려고 톱을 꺼내셨다.,1
톱,우리는 캠핑장에서 나무를 자르기 위해 작은 톱을 챙겼다.,1
톱,목수가 나무 판자를 톱으로 정확하게 잘랐다.,1
톱,오늘 과학 시간에 선생님이 나무를 자르는 톱의 원리에 대해 설명해 주셨다.,1
톱,톱날이 무뎌져서 더 이상 나무를 자를 수 없었다.,1
톱,형이 나무 조각을 다듬으려고 열심히 톱질을 했다.,1
톱,낡은 톱날로는 나무를 자르는 데 시간이 오래 걸렸다.,1
톱,목공 작업을 하기 전에 먼저 톱날의 상태를 점검했다.,1
톱,아빠가 직접 만든 책장을 완성하기 위해 톱질을 하셨다.,1
피,오늘 저녁에는 피망이 들어간 채소 볶음을 먹었다.,0
피,친구 생일 파티에서 맛있는 피자를 나눠 먹었다.,0
피,아침에 일어나서 따뜻한 커피 한 잔을 마셨다.,0
피,학교에서 열린 체육 대회에서 1등 트로피를 받았다.,0
피,엄마가 새로운 원피스를 사주셔서 기분이 좋았다.,0
피,나는 매일 피아노 연습을 열심히 하고 있다.,0
피,어제 작은 상처에서 피가 나서 밴드를 붙였다.,1
피,피망과 함께 만든 샐러드가 정말 맛있었다.,0
피,오늘 점심으로 치즈 피자를 주문해서 맛있게 먹었다.,0
피,친구와 함께 커피숍에서 커피를 마시며 이야기했다.,0
피,학예회에서 멋진 공연을 하고 트로피를 받았다.,0
피,여름에 시원하게 입을 수 있는 원피스를 새로 샀다.,0
피,방에서 피아노를 치면서 음악을 즐겼다.,0
피,손톱에 작은 상처가 나서 피가 조금 흘렀다.,1
피,요즘 피로가 쌓여서 잠이 잘 오지 않는다.,0
피,피부가 예민해져서 새로운 크림을 사용해 보았다.,0
피,오늘은 공부를 너무 많이 해서 피곤하다.,0
피,비 때문에 집 앞에 큰 피해가 생겼다.,0
피,주말마다 피트니스 센터에서 운동을 한다.,0
피,여름 방학 동안 친구와 함께 피싱 여행을 계획했다.,0
피,날씨가 좋아서 가족과 함께 피크닉을 갔다.,0
피,운동 후 피로회복제를 마셔서 기운을 차렸다.,0
피,역사 시간에 고대 이집트의 피라미드에 대해 배웠다.,0
피,사고가 난 장소에서 피해자들에게 도움을 주었다.,0
피,집 앞에 민들레가 피어서 꺾어서 반지로 만들었다.,0
피,동생이 무릎을 다쳐서 병원에 가서 피 검사를 받았다.,1
피,스포츠 경기 중에 선수들이 다치면서 피가 나는 상황이 생겼다.,1
피,응급 상황에서 피를 멈추기 위해 지혈을 해야 했다.,1
피,영화에서 주인공이 다치면서 많은 피를 흘리는 장면이 있었다.,1
피,최근에 건강 검진을 받고 피 속에 이상이 없는지 확인했다.,1
피,자전거를 타다가 손에 작은 상처가 나서 피가 조금 흘렀다.,1
피,상처에서 피를 멎게 하려고 신속하게 지혈을 했다.,1
피,어렸을 때 가장 좋아했던 동화는 피노키오 이야기였다.,0
문,문 손잡이가 고장 나서 수리해야 했다.,1
문,외부에서 누군가 문을 두드리는 소리가 들렸다.,1
문,시험을 통과한 후 교실 문을 열고 나갔다.,1
문,집에 들어서면서 문을 열어 방 안으로 들어갔다.,1
문,바람이 들어와서 문을 닫아야 했다.,1
문,외출하고 돌아왔더니 문이 잠겨 있었다.,1
문,손님이 오자 나는 문을 열어주었다.,1
문,친구가 집에 도착하자 문 앞에 서서 기다렸다.,1
문,오늘 점심으로 문어 초회를 만들어서 먹었다.,0
문,중요한 문서를 컴퓨터에 저장한 후 프린트했다.,0
문,아침에 신문을 읽으면서 오늘의 뉴스를 확인했다.,0
문,창문을 열어 시원한 바람을 들이면서 방 안을 환기시켰다.,0
문,영어 문법을 공부하면서 문장의 구조를 이해했다.,0
문,친구에게 중요한 문자를 보내서 정보를 전달했다.,0
문,수학 시험에서 어려운 문제가 몇 개 나왔다.,0
문,한국 문학 작품을 읽으면서 다양한 이야기를 접했다.,0
문,문법에서 조금 실수가 있기는 했지만 그래도 잘 써서 만족했다.,0
문,맞춤법을 고쳐서 올바른 문장을 사용하여 글을 완성했다.,0
문,집 안으로 들어가면서 문턱에 걸려 발이 살짝 걸렸다.,1
문,집에 들어서면서 현관문을 조심스럽게 열었다.,1
문,이웃 집의 대문이 예쁘게 꾸며져 있어서 눈길을 끌었다.,1
문,생일 선물로 문화상품권을 받아서 좋아하는 책을 샀다.,0
문,친구의 졸업 축하 선물로 문상을 준비했다.,0
문,새로 이사 온 집의 문지방이 낮아서 넘어질 뻔했다.,1
문,학교에서 필요한 학용품을 사기 위해 문구점에 갔다.,0
돼지,돼지가 농장에서 나무 아래에서 더위를 식히고 있었다.,1
돼지,동물원에서 귀여운 돼지들이 자주 먹이를 달라고 다가왔다.,1
돼지,돼지는 진흙에서 뒹굴며 더위를 식히는 모습을 자주 볼 수 있다.,1
돼지,저녁으로 돼지갈비를 구워서 가족과 함께 맛있게 식사했다.,1
돼지,숲 속에서 멧돼지가 나타나서 조심스럽게 사진을 찍었다.,0
돼지,밤에 산에서 멧돼지의 울음 소리가 멀리서 들렸다.,0
돼지,등산 도중에 멧돼지를 만나지 않도록 주의하라는 경고 표지를 보았다.,0
돼지,숲속을 걷다가 갑자기 나타난 멧돼지에 깜짝 놀랐다.,0
토끼,동물원에서 귀여운 토끼들이 서로 뛰어다니는 모습을 보았다.,1
토끼,친구가 생일 선물로 작은 토끼 인형을 주었다.,1
토끼,토끼는 긴 귀와 빠른 발로 유명한 동물이다.,1
토끼,농장에서 토끼에게 당근을 주니 맛있게 먹었다.,1
토끼,공원에서 토끼풀이 가득 핀 잔디밭을 걸었다.,0
토끼,친구들과 함께 토끼풀 꽃을 엮어 화관을 만들었다.,0
토끼,토끼풀은 들판에서 쉽게 볼 수 있는 작은 꽃이다.,0
토끼,잔디밭에 돋아난 토끼풀을 보며 봄이 왔음을 느꼈다.,0
고래,다큐멘터리에서 본 고래는 엄청난 크기를 자랑했다.,1
고래,"고래는 지구상에서 가장 큰 포유동물로, 깊은 바다에서 살아간다.",1
고래,관광객들이 고래를 보러 배를 타고 바다로 나갔다.,1
고래,고래는 장시간 잠수를 할 수 있는 능력이 있다.,1
고래,돌고래가 물 위로 뛰어오르며 재주를 부리는 모습을 보았다.,0
고래,수족관에서 훈련받은 돌고래가 공을 던지는 쇼를 보여주었다.,0
고래,바다에서 헤엄치는 돌고래 무리가 배를 따라왔다.,0
고래,"돌고래는 뛰어난 지능으로 유명하며, 사람과 소통하는 능력이 있다.",0
나무,공원에서 큰 나무 아래에 앉아 책을 읽었다.,1
나무,나무는 산소를 만들어내는 중요한 역할을 한다.,1
나무,"어린 시절, 우리는 동네에서 가장 큰 나무에 집을 지었다.",1
나무,바람에 흔들리는 나무 잎사귀 소리가 마음을 평온하게 해준다.,1
나무,동물원에서 본 나무늘보는 정말 천천히 움직였다.,0
나무,나무늘보는 하루 대부분을 나무에 매달려 휴식을 취한다.,0
나무,"나무늘보는 매우 느리지만, 그만큼 에너지를 절약하는 동물이다.",0
나무,숲속에서 나무늘보가 나무를 타고 천천히 내려오는 모습을 봤다.,0
나무,산 정상에서 소나무 숲을 지나며 맑은 공기를 마셨다.,1
나무,정원에 심은 소나무가 점점 더 크게 자라고 있다.,1
나무,소나무는 사계절 내내 푸른 잎을 유지하는 상록수이다.,1
나무,옛날부터 한국에서는 소나무가 힘과 장수의 상징으로 여겨졌다.,1
고기,저녁에 구운 고기를 먹으며 가족과 함께 시간을 보냈다.,1
고기,주말에는 신선한 고기를 사서 바비큐 파티를 할 예정이다.,1
고기,냉장고에서 꺼낸 고기를 미리 양념에 재워 두었다.,1
고기,요리할 때 고기의 식감과 맛을 잘 살리기 위해 신경을 썼다.,1
고기,수족관에서 다양한 종류의 물고기들이 유영하는 모습을 구경했다.,0
고기,강가에서 잡은 신선한 물고기로 맛있는 매운탕을 끓였다.,0
고기,투명한 물속에서 알록달록한 물고기들이 헤엄치는 모습을 보았다.,0
고기,산책 중 연못에서 작은 물고기들이 모여 있는 장면을 보았다.,0
쿠키,친구가 구워준 초콜릿 쿠키는 너무 맛있어서 한 번에 다 먹어버렸다.,1
쿠키,주말에 집에서 바닐라 향이 나는 쿠키를 직접 구웠다.,1
쿠키,카페에서 쿠키와 커피를 주문해 달콤한 간식을 즐겼다.,1
쿠키,아이들과 함께 여러 모양으로 쿠키를 만들며 즐거운 시간을 보냈다.,1
쿠키,"저녁 식사 후 포춘 쿠키를 열었더니, 재미있는 운세가 나왔다.",0
쿠키,친구들과 포춘 쿠키를 열어 서로의 운세를 공유하며 웃었다.,0
쿠키,중국 음식점에서 식사 후 받은 포춘쿠키 안에 행운의 메시지가 있었다.,0
쿠키,파티에서 포춘쿠키를 나누며 모두가 어떤 메시지가 나올지 궁금해했다.,0
시계,모래시계를 뒤집어 놓고 시간을 재며 게임을 했다.,0
시계,작은 모래시계가 천천히 흘러가는 모래를 보며 마음을 차분히 가라앉혔다.,0
시계,모래시계가 다 흐를 때까지 과제를 끝내려고 열심히 집중했다.,0
시계,고전 영화에서 중요한 순간마다 등장하는 모래시계가 눈길을 끌었다.,0
시계,벽에 걸린 시계가 똑딱거리며 시간이 흐르는 소리를 들었다.,1
시계,아침에 늦잠을 자지 않기 위해 시계 알람을 맞춰 놓았다.,1
시계,손목 시계를 차고 시간이 얼마나 남았는지 자주 확인했다.,1
시계,오래된 시계는 여전히 정확한 시간을 알려주었다.,1
노트,수업 시간에 중요한 내용을 노트에 적어두었다.,1
노트,여행을 하며 만난 풍경들을 노트에 스케치했다.,1
노트,노트를 펼쳐 복습하면서 시험 준비를 했다.,1
노트,친구에게 생일 선물로 예쁜 노트를 선물해 주었다.,1
노트,카페에서 노트북을 켜고 리포트를 작성했다.,0
노트,노트북으로 영화를 보며 편안하게 저녁 시간을 보냈다.,0
노트,새로 산 노트북은 성능이 좋아서 작업할 때 매우 편리했다.,0
노트,출장을 갈 때마다 가볍고 휴대하기 좋은 노트북을 항상 챙겼다.,0
바지,오늘은 청바지를 입고 외출할 계획이다.,1
바지,새로 산 바지가 너무 커서 허리를 줄였다.,1
바지,바지 주머니에서 잃어버린 열쇠를 찾았다.,1
바지,이 바지는 편해서 자주 입고 다닌다.,1
바지,더운 여름날에는 시원한 반바지가 최고다.,0
바지,친구들과 운동할 때는 편한 반바지를 입는다.,0
바지,바닷가에서 반바지를 입고 신나게 물놀이를 했다.,0
바지,이번 여행에서는 가볍고 편한 반바지만 챙겼다.,0
불꽃,"어두운 밤, 캠프파이어에서 피어난 불꽃이 환하게 빛났다.",1
불꽃,불꽃이 튀는 그릴 위에서 고기가 맛있게 구워지고 있었다.,1
불꽃,폭죽에서 터져 나오는 아름다운 불꽃들이 하늘을 수놓았다.,1
불꽃,작은 성냥 하나로도 강렬한 불꽃을 일으킬 수 있다.,1
불꽃,여름 축제의 하이라이트는 아름다운 불꽃놀이였다.,0
불꽃,가족들과 함께 불꽃놀이를 보며 즐거운 저녁 시간을 보냈다.,0
불꽃,밤하늘에 터지는 불꽃놀이를 보면서 감탄이 절로 나왔다.,0
불꽃,이번 주말에 열리는 불꽃놀이를 보러 가기로 했다.,0
케이크,생일을 맞아 친구가 큰 초코 케이크를 선물해 주었다.,1
케이크,주말에 케이크를 구워 친구들과 나눠 먹었다.,1
케이크,카페에서 맛있는 치즈 케이크 한 조각을 주문해 즐겼다.,1
케이크,생일 파티에서 초를 불고 나서 모두 함께 케이크를 나눠 먹었다.,1
케이크,아침으로 버터와 시럽을 얹은 팬케이크를 먹었다.,0
케이크,주말 아침에 팬케이크를 구워 가족과 함께 즐겼다.,0
케이크,두툼한 팬케이크 위에 과일과 크림을 얹어 맛있게 먹었다.,0
케이크,브런치 카페에서 달콤한 팬케이크와 커피를 주문했다.,0
축구,주말에는 친구들과 함께 공원에서 축구 경기를 했다.,1
축구,축구를 좋아하는 동생이 학교에서 우수 선수가 되었다.,1
축구,월드컵에서 축구 경기를 보면서 열띤 응원을 했다.,1
축구,매일 저녁마다 축구 연습을 하며 기술을 향상시키고 있다.,1
축구,미국에서 미식 축구 경기를 관람하며 그들의 열정을 느꼈다.,0
축구,미식축구팀의 훈련을 구경하며 팀워크와 전략에 감탄했다.,0
축구,친구와 함께 미식 축구 게임을 보면서 열렬히 응원했다.,0
축구,미식축구는 신체적인 힘과 전략이 중요한 스포츠이다.,0
거미,창가에 있는 거미가 조용히 거미줄을 짜고 있었다.,1
거미,거미는 밤에 활동하는 야행성 동물이다.,1
거미,공원에서 거미가 만든 복잡한 거미줄을 발견했다.,1
거미,거미는 곤충을 잡아먹으며 서식지를 유지한다.,1
거미,집 구석에 걸린 거미줄을 청소하면서 거미의 흔적을 지웠다.,0
거미,거미줄은 매우 섬세하게 만들어져 있어서 무게를 잘 버틴다.,0
거미,정원에서 거미줄이 아침 이슬에 반짝이며 아름다운 장관을 이루었다.,0
거미,거미줄에 걸린 작은 곤충이 거미의 먹이가 된다.,0
달팽이,달팽이가 천천히 나뭇잎 위를 기어가는 모습을 관찰했다.,1
달팽이,비 오는 날에는 정원에서 달팽이를 자주 볼 수 있다.,1
달팽이,달팽이는 느린 속도 때문에 '느리다'는 표현에 자주 사용된다.,1
달팽이,아이들이 달팽이에 대해 배울 수 있도록 작은 텃밭을 만들었다.,1
달팽이,달팽이집 안에 있는 작은 달팽이를 조심스럽게 관찰했다.,0
달팽이,정원에서 발견한 달팽이 집을 살펴보며 자연의 신비를 느꼈다.,0
달팽이,달팽이집은 달팽이의 보호막 역할을 하여 안전한 생활을 도와준다.,0
달팽이,달팽이 집의 꼬불꼬불한 모양이 매우 독특하고 아름다웠다.,0
감자,저녁에는 감자를 썰어 구워서 맛있는 사이드를 만들었다.,1
감자,마트에서 신선한 감자를 사서 냉장고에 보관했다.,1
감자,감자를 이용해 다양한 요리를 시도해 보았다.,1
감자,학교에서 감자 농사에 대한 교육을 받으며 흥미를 느꼈다.,1
감자,패스트푸드점에서 주문한 감자튀김이 바삭하고 맛있었다.,0
감자,집에서 간단하게 감자 튀김을 만들어 간식으로 먹었다.,0
감자,감자튀김을 먹으면서 좋아하는 소스를 곁들여 즐겼다.,0
감자,친구와 함께 감자 튀김을 나누며 재미있는 이야기를 나눴다.,0
새우,해산물 가게에서 신선한 새우를 사서 저녁을 준비했다.,1
새우,새우는 다양한 요리에 활용될 수 있는 맛있는 재료이다.,1
새우,바다에서 새우가 뛰어오르는 모습을 자주 볼 수 있다.,1
새우,새우를 삶아 샐러드에 넣으니 맛이 더 풍부해졌다.,1
새우,저녁으로 새우 튀김을 만들어 바삭하고 고소한 맛을 즐겼다.,0
새우,일식집에서 주문한 새우튀김이 특히 맛있어서 자주 간다.,0
새우,친구들과 모임에서 새우 튀김을 함께 나누며 즐거운 시간을 보냈다.,0
새우,새우튀김을 먹으면서 새콤한 소스를 곁들여 맛을 더욱 살렸다.,0
전철,출근할 때 전철을 이용해 빠르게 시내로 이동했다.,1
전철,전철이 막히지 않아 편안하게 목적지까지 갈 수 있었다.,1
전철,시내를 돌아다니기 위해 전철 노선을 잘 파악해 두었다.,1
전철,전철역에서 친구와 약속을 잡고 기다렸다.,1
전철,새로운 경전철 노선이 개통되어 이동이 더 편리해졌다.,0
전철,경전철을 타고 도심을 지나며 다양한 풍경을 즐겼다.,0
전철,경전철은 도심 속 짧은 거리 이동에 유용한 교통수단이다.,0
전철,경전철역 주변에 많은 상점들이 있어 쇼핑하기 좋았다.,0
기차,주말에 기차를 타고 여행을 떠나며 경치를 감상했다.,1
기차,오늘 기차 안에서 창밖을 보며 멋진 풍경을 구경해서 기분이 좋았다.,1
기차,기차에서 긴 여정을 하면서 다양한 책을 읽었다.,1
기차,기차의 창밖으로 보이는 풍경이 여행의 묘미를 더했다.,1
기차,기차역에서 표를 구매한 후 승강장에서 기차를 기다렸다.,0
기차,기차역의 대기실에서 커피를 마시며 시간을 보냈다.,0
기차,기차역에서 기차가 도착하자 승객들이 바쁘게 움직였다.,0
기차,친구와 약속한 기차역에서 만나 여행을 시작했다.,0
클로버,정원에서 클로버를 발견하며 신선한 공기를 마셨다.,1
클로버,클로버를 이용해 자연 속에서 피어난 네잎클로버를 찾았다.,1
클로버,클로버 밭에서 아이들과 함께 보물찾기 놀이를 했다.,1
클로버,"클로버는 상록 식물로, 정원에 심기 좋은 식물 중 하나이다.",1
클로버,공원에서 우연히 네잎 클로버를 발견해 행운이 깃들었다고 생각했다.,0
클로버,네잎 클로버를 찾기 위해 잔디밭에서 꼼꼼히 살펴보았다.,0
클로버,친구에게 네잎클로버를 선물하며 행운을 기원했다.,0
클로버,"네잎클로버는 희귀하고 특별한 식물로, 행운을 상징한다.",0
가방,학교에 갈 때는 필통과 책을 담은 가방을 매고 나갔다.,1
가방,여행을 떠나기 전에 필요한 물건들을 가방에 잘 챙겼다.,1
가방,큰 가방이 있어 여러 가지 물건을 한 번에 들고 다닐 수 있다.,1
가방,친구가 새로 산 예쁜 가방을 자랑해 보였다.,1
가방,해외 여행을 떠나기 위해 큰 여행 가방을 준비했다.,0
가방,여행 가방에 옷과 필수 용품을 잘 정리해서 챙겼다.,0
가방,공항에서 여행가방을 체크인하면서 긴 여행을 시작했다.,0
가방,"여행가방을 풀어 숙소에 도착하자, 드디어 여행이 시작된 기분이었다.",0
메달,"경기가 끝난 후, 승리의 기쁨을 담아 메달을 목에 걸었다.",1
메달,학교 체육 대회에서 각 종목별 메달을 수여하는 장면이 인상적이었다.,1
메달,연주회에서 최우수 연주자로 메달을 받아 가족들과 함께 축하했다.,1
메달,운동회에서 1등 메달을 따는 것이 꿈이었다.,1
메달,올림픽에서 최종 결승에서 금메달을 획득하며 승리의 기쁨을 만끽했다.,0
메달,수영 대회에서 열심히 훈련한 끝에 금메달을 차지했다.,0
메달,체육 대회에서 은메달을 획득한 친구를 응원하며 축하의 말을 전했다.,0
메달,"마라톤에서 아쉽게 은메달을 얻었지만, 최선을 다한 결과에 만족했다.",0
메달,청소년 스포츠 대회에서 동메달을 받아 큰 자부심을 느꼈다.,0
메달,겨울철 스키 대회에서 동메달을 획득해 함께 기뻐했다.,0
